-- phpMyAdmin SQL Dump
-- version 5.2.1
-- https://www.phpmyadmin.net/
--
-- Host: localhost:8889
-- Generation Time: Apr 04, 2026 at 04:46 PM
-- Server version: 8.0.40
-- PHP Version: 7.4.33

SET SQL_MODE = "NO_AUTO_VALUE_ON_ZERO";
START TRANSACTION;
SET time_zone = "+00:00";


/*!40101 SET @OLD_CHARACTER_SET_CLIENT=@@CHARACTER_SET_CLIENT */;
/*!40101 SET @OLD_CHARACTER_SET_RESULTS=@@CHARACTER_SET_RESULTS */;
/*!40101 SET @OLD_COLLATION_CONNECTION=@@COLLATION_CONNECTION */;
/*!40101 SET NAMES utf8mb4 */;

--
-- Database: `megamesarigroup`
--

-- --------------------------------------------------------

--
-- Table structure for table `boq_items`
--

CREATE TABLE `boq_items` (
  `id` int NOT NULL,
  `project_id` int DEFAULT NULL,
  `parent_id` int DEFAULT NULL,
  `volume` decimal(15,4) DEFAULT NULL,
  `harga_satuan` decimal(20,2) DEFAULT NULL,
  `jumlah` decimal(20,2) DEFAULT NULL,
  `bobot` decimal(10,4) DEFAULT NULL,
  `createdAt` datetime NOT NULL,
  `updatedAt` datetime NOT NULL,
  `tipe` enum('header','item','total','ppn','grand_total','pembulatan','subheader') DEFAULT 'item',
  `kode` varchar(255) DEFAULT NULL,
  `uraian` text NOT NULL,
  `satuan` varchar(255) DEFAULT NULL,
  `ppn` decimal(5,2) DEFAULT '11.00',
  `jumlah_ppn` decimal(20,2) DEFAULT NULL
) ENGINE=InnoDB DEFAULT CHARSET=utf8mb4 COLLATE=utf8mb4_0900_ai_ci;

--
-- Dumping data for table `boq_items`
--

INSERT INTO `boq_items` (`id`, `project_id`, `parent_id`, `volume`, `harga_satuan`, `jumlah`, `bobot`, `createdAt`, `updatedAt`, `tipe`, `kode`, `uraian`, `satuan`, `ppn`, `jumlah_ppn`) VALUES
(21, 1, NULL, NULL, NULL, NULL, 0.0000, '2026-04-01 06:38:26', '2026-04-01 06:38:26', 'header', 'A', 'Persiapan k3', NULL, 11.00, NULL),
(22, 1, 21, 1.0000, 3500000.00, 3500000.00, 2.2200, '2026-04-01 06:39:14', '2026-04-02 06:07:47', 'item', 'A.1.1', 'melengkapi k3', 'ls', 11.00, 3885000.00),
(23, 1, NULL, NULL, NULL, NULL, 0.0000, '2026-04-01 06:39:29', '2026-04-01 06:39:29', 'header', 'B', 'Bale Piyasan', NULL, 11.00, NULL),
(24, 1, 23, NULL, NULL, NULL, 0.0000, '2026-04-01 06:42:07', '2026-04-01 06:42:07', 'subheader', 'B.1', 'Pekerjaan persiapan', NULL, 11.00, NULL),
(25, 1, 24, 1.0000, 385000.00, 385000.00, 0.2440, '2026-04-01 06:42:47', '2026-04-02 06:07:47', 'item', 'B.1.1', 'Papan Nama Pekerjaan', 'ls', 11.00, 427350.00),
(27, 1, 24, 3.8500, 114368.59, 440319.07, 0.2790, '2026-04-01 06:49:27', '2026-04-02 06:07:47', 'item', 'B.1.2', 'Pas Bowplank', 'm2', 11.00, 488754.17),
(28, 1, 23, NULL, NULL, NULL, 0.0000, '2026-04-01 07:03:49', '2026-04-01 07:03:49', 'subheader', 'B.2', 'Pekerjaan tanah dan pasir', NULL, 11.00, NULL),
(29, 1, 28, 2.3100, 109140.67, 252114.95, 0.1600, '2026-04-01 07:05:16', '2026-04-02 06:07:47', 'item', 'B.2.1', 'galian tanah pondasi menerus', 'm3', 11.00, 279847.59),
(31, 1, 28, 0.7700, 79760.45, 61415.55, 0.0390, '2026-04-01 07:14:41', '2026-04-02 06:07:47', 'item', 'B.2.2', 'urugan kembali', 'm3', 11.00, 68171.26),
(32, 1, 28, 0.5400, 288096.27, 155571.99, 0.0990, '2026-04-01 13:48:08', '2026-04-02 06:07:47', 'item', 'B.2.3', 'urugan pasir bawah pondasi', 'm3', 11.00, 172684.90),
(33, 1, 23, NULL, NULL, NULL, 0.0000, '2026-04-01 13:49:03', '2026-04-01 13:49:03', 'subheader', 'B.3', 'Pekerjaan pasangan', NULL, 11.00, NULL),
(34, 1, 33, 0.7700, 714289.00, 550002.53, 0.3490, '2026-04-01 13:53:24', '2026-04-02 06:07:47', 'item', 'B.3.1', 'Pas Batu kosong', 'm3', 11.00, 610502.81),
(35, 1, 33, 5.2600, 1213176.14, 6381306.50, 4.0480, '2026-04-01 13:53:24', '2026-04-02 06:07:48', 'item', 'B.3.2', 'Pas Batu Kali', 'm3', 11.00, 7083250.21),
(36, 1, 33, 7.2000, 138928.55, 1000285.56, 0.6340, '2026-04-01 13:53:24', '2026-04-02 06:07:48', 'item', 'B.3.3', 'Pas Batako Dinding', 'm2', 11.00, 1110316.97),
(37, 1, 33, 29.5500, 1095267.94, 32365167.63, 20.5280, '2026-04-01 13:53:24', '2026-04-02 06:07:48', 'item', 'B.3.4', 'Pas Batu Candi Hitam', 'm2', 11.00, 35925336.07),
(38, 1, 33, 16.0000, 80000.00, 1280000.00, 0.8120, '2026-04-01 13:53:24', '2026-04-02 06:07:48', 'item', 'B.3.5', 'pas simbar candi hitam', 'bh', 11.00, 1420800.00),
(39, 1, 33, 7.0000, 350000.00, 2450000.00, 1.5540, '2026-04-01 13:53:24', '2026-04-02 06:07:48', 'item', 'B.3.6', 'pas Sendi Marmer', 'unit', 11.00, 2719500.00),
(40, 1, 23, NULL, NULL, NULL, 0.0000, '2026-04-01 13:55:02', '2026-04-01 13:55:02', 'subheader', 'B.4', 'Pekerjaan Beton', NULL, 11.00, NULL),
(41, 1, 40, 0.5300, 1104834.32, 585562.19, 0.3710, '2026-04-01 14:02:25', '2026-04-02 06:07:48', 'item', 'B.4.1', 'pek beton pengresek', 'm3', 11.00, 649974.03),
(42, 1, 40, 0.1100, 1250406.52, 137544.72, 0.0870, '2026-04-01 14:02:25', '2026-04-02 06:07:48', 'item', 'B.4.2', 'pek Beton sloof mutu', 'm3', 11.00, 152674.64),
(43, 1, 40, 18.4700, 17279.20, 319146.82, 0.2020, '2026-04-01 14:02:25', '2026-04-02 06:07:48', 'item', 'B.4.3', 'besi beton sloof', 'kg', 11.00, 354252.97),
(44, 1, 40, 1.5400, 161500.41, 248710.63, 0.1580, '2026-04-01 14:02:25', '2026-04-02 06:07:48', 'item', 'B.4.4', 'Bekesting sloof', 'm2', 11.00, 276068.80),
(45, 1, 40, 0.0800, 1250406.52, 100032.52, 0.0630, '2026-04-01 14:02:25', '2026-04-02 06:07:48', 'item', 'B.4.5', 'oek beton komom mutu', 'm3', 11.00, 111036.10),
(46, 1, 40, 17.1700, 17279.20, 296683.86, 0.1880, '2026-04-01 14:02:25', '2026-04-02 06:07:48', 'item', 'B.4.6', 'besi beton kolom', 'kg', 11.00, 329319.09),
(47, 1, 40, 2.2400, 225932.32, 506088.40, 0.3210, '2026-04-01 14:02:25', '2026-04-02 06:07:48', 'item', 'B.4.7', 'bekesting kolom', 'm2', 11.00, 561758.12),
(48, 1, 40, 0.0700, 1250406.52, 87528.46, 0.0560, '2026-04-01 14:02:25', '2026-04-02 06:07:48', 'item', 'B.4.8', 'pek beton ring blok mutu', 'm3', 11.00, 97156.59),
(49, 1, 40, 0.8800, 17279.20, 15205.70, 0.0100, '2026-04-01 14:02:25', '2026-04-02 06:07:48', 'item', 'B.4.9', 'besi beton ring balok', 'kg', 11.00, 16878.32),
(50, 1, 40, 1.1600, 232437.07, 269627.00, 0.1710, '2026-04-01 14:02:25', '2026-04-02 06:07:48', 'item', 'B.4.10', 'bekesting ring balok', 'm2', 11.00, 299285.97),
(51, 1, 23, NULL, NULL, NULL, 0.0000, '2026-04-01 14:04:46', '2026-04-01 14:04:46', 'subheader', 'B.5', 'Pekerjaan kayu dan atap', NULL, 11.00, NULL),
(52, 1, 51, 4.0000, 1063274.45, 4253097.80, 2.6980, '2026-04-01 14:50:16', '2026-04-02 06:07:48', 'item', 'B.5.1', 'pas saka kayu tinggi jati', 'unit', 11.00, 4720938.56),
(53, 1, 51, 3.0000, 252594.85, 757784.55, 0.4810, '2026-04-01 14:50:16', '2026-04-02 06:07:48', 'item', 'B.5.2', 'pas saka kayu jati pendek', 'unit', 11.00, 841140.85),
(54, 1, 51, 2.0000, 350000.00, 700000.00, 0.4440, '2026-04-01 14:50:16', '2026-04-02 06:07:48', 'item', 'B.5.3', 'pas kupu kupu kayu jati', 'unit', 11.00, 777000.00),
(55, 1, 51, 10.0000, 623551.49, 6235514.90, 3.9550, '2026-04-01 14:50:16', '2026-04-02 06:07:48', 'item', 'B.5.4', 'pas lambang kayu jati', 'm', 11.00, 6921421.54),
(56, 1, 51, 4.0000, 954624.85, 3818499.40, 2.4220, '2026-04-01 14:50:16', '2026-04-02 06:07:48', 'item', 'B.5.5', 'pas canggah wang kayu kayu jati', 'bh', 11.00, 4238534.33),
(57, 1, 51, 16.6000, 141150.28, 2343094.65, 1.4860, '2026-04-01 14:50:16', '2026-04-02 06:07:48', 'item', 'B.5.6', 'pas sunduk likat bale', 'm', 11.00, 2600835.06),
(58, 1, 51, 8.6400, 154561.37, 1335410.24, 0.8470, '2026-04-01 14:50:16', '2026-04-02 06:07:48', 'item', 'B.5.7', 'pas waton kayu kamper', 'm', 11.00, 1482305.36),
(59, 1, 51, 3.0400, 466151.47, 1417100.47, 0.8990, '2026-04-01 14:50:16', '2026-04-02 06:07:48', 'item', 'B.5.8', 'pas papan galar kayu kamper', 'm2', 11.00, 1572981.52),
(60, 1, 51, 4.1100, 466151.47, 1915882.54, 1.2150, '2026-04-01 14:50:16', '2026-04-02 06:07:48', 'item', 'B.5.9', 'pas papan parba kayu kamper', 'm2', 11.00, 2126629.62),
(61, 1, 51, 16.1000, 135585.38, 2182924.62, 1.3850, '2026-04-01 14:50:16', '2026-04-02 06:07:48', 'item', 'B.5.10', 'pas lis parga kayu kamper', 'm', 11.00, 2423046.33),
(62, 1, 51, 29.2100, 194126.59, 5670437.69, 3.5970, '2026-04-01 14:50:16', '2026-04-02 06:07:48', 'item', 'B.5.10', 'pas usuk expose', 'm2', 11.00, 6294185.84),
(63, 1, 51, 26.7300, 125139.76, 3344985.78, 2.1220, '2026-04-01 14:50:16', '2026-04-02 06:07:48', 'item', 'B.5.10', 'pas reng kayu kamper', 'm2', 11.00, 3712934.22),
(64, 1, 51, 30.9200, 157431.68, 4867787.55, 3.0880, '2026-04-01 14:50:16', '2026-04-02 06:07:48', 'item', 'B.5.10', 'pek pemade dan pemacu kayu kamper', 'm', 11.00, 5403244.18),
(65, 1, 51, 20.2000, 135585.38, 2738824.68, 1.7370, '2026-04-01 14:50:16', '2026-04-02 06:07:48', 'item', 'B.5.10', 'pek apit apit kayu kamper', 'm', 11.00, 3040095.39),
(66, 1, 51, 13.9400, 147341.18, 2053936.05, 1.3030, '2026-04-01 14:50:16', '2026-04-02 06:07:48', 'item', 'B.5.10', 'pas kolong grantang kayu', 'm', 11.00, 2279869.01),
(67, 1, 51, 13.9400, 135585.38, 1890060.20, 1.1990, '2026-04-01 14:50:16', '2026-04-02 06:07:48', 'item', 'B.5.10', 'pas list grantang', 'm', 11.00, 2097966.82),
(68, 1, 51, 0.5000, 289597.84, 144798.92, 0.0920, '2026-04-01 14:50:16', '2026-04-02 06:07:48', 'item', 'B.5.10', 'pek dedeleg kayu kamper', 'm', 11.00, 160726.80),
(69, 1, 51, 17.8000, 183030.68, 3257946.10, 2.0660, '2026-04-01 14:50:16', '2026-04-02 06:07:48', 'item', 'B.5.10', 'pas lisplank ukir', 'm', 11.00, 3616320.18),
(70, 1, 51, 17.8000, 147341.18, 2622673.00, 1.6630, '2026-04-01 14:50:16', '2026-04-02 06:07:48', 'item', 'B.5.10', 'pas tatab kayu kamper', 'm', 11.00, 2911167.03),
(71, 1, 51, 17.8000, 153691.09, 2735701.40, 1.7350, '2026-04-01 14:50:16', '2026-04-02 06:07:48', 'item', 'B.5.10', 'pas ring ring ukir', 'm', 11.00, 3036628.56),
(72, 1, 51, 23.6100, 287040.95, 6777036.83, 4.2990, '2026-04-01 14:50:16', '2026-04-02 06:07:48', 'item', 'B.5.10', 'pas tarib labresering', 'm2', 11.00, 7522510.88),
(73, 1, 51, 26.7300, 151011.73, 4036543.54, 2.5600, '2026-04-01 14:50:16', '2026-04-02 06:07:48', 'item', 'B.5.10', 'pas atap genteng', 'm2', 11.00, 4480563.33),
(74, 1, 51, 18.4200, 220105.36, 4054340.73, 2.5720, '2026-04-01 14:50:16', '2026-04-02 06:07:48', 'item', 'B.5.10', 'pas bubungan', 'm', 11.00, 4500318.21),
(75, 1, 51, 4.0000, 225000.00, 900000.00, 0.5710, '2026-04-01 14:50:16', '2026-04-02 06:07:48', 'item', 'B.5.10', 'pas ikut celedu paras', 'bh', 11.00, 999000.00),
(76, 1, 51, 2.0000, 250000.00, 500000.00, 0.3170, '2026-04-01 14:50:16', '2026-04-02 06:07:48', 'item', 'B.5.10', 'pas murda paras', 'bh', 11.00, 555000.00),
(77, 1, 23, NULL, NULL, NULL, 0.0000, '2026-04-01 14:53:00', '2026-04-01 14:53:00', 'subheader', 'B.6', 'Pekerjaan instalasi listrik', NULL, 11.00, NULL),
(78, 1, 77, 2.0000, 244651.29, 489302.58, 0.3100, '2026-04-01 14:55:17', '2026-04-02 06:07:48', 'item', 'B.6.1', 'pas instalasi listrik nym', 'titik', 11.00, 543125.86),
(79, 1, 77, 2.0000, 126372.71, 252745.42, 0.1600, '2026-04-01 14:55:17', '2026-04-02 06:07:48', 'item', 'B.6.2', 'pas fitting lampu dan led', 'bh', 11.00, 280547.42),
(80, 1, 77, 1.0000, 68622.71, 68622.71, 0.0440, '2026-04-01 14:55:17', '2026-04-02 06:07:48', 'item', 'B.6.3', 'pas saklar tunggal schneider', 'bh', 11.00, 76171.21),
(81, 1, 23, NULL, NULL, NULL, 0.0000, '2026-04-01 14:55:43', '2026-04-01 14:55:43', 'subheader', 'B.7', 'Pekerjaan inishing', NULL, 11.00, NULL),
(82, 1, 81, 38.4100, 99730.04, 3830630.84, 2.4300, '2026-04-01 14:56:55', '2026-04-02 06:07:48', 'item', 'B.7.1', 'pek pouturan', 'm2', 11.00, 4252000.23),
(83, 1, 81, 19.7200, 61911.14, 1220887.68, 0.7740, '2026-04-01 14:56:55', '2026-04-02 06:07:48', 'item', 'B.7.2', 'pek coating', 'm2', 11.00, 1355185.33),
(84, 1, NULL, NULL, NULL, NULL, 0.0000, '2026-04-01 14:57:23', '2026-04-01 14:57:23', 'header', 'C', 'Padmasari', NULL, 11.00, NULL),
(85, 1, 84, NULL, NULL, NULL, 0.0000, '2026-04-01 14:57:51', '2026-04-01 14:57:51', 'subheader', 'C.1', 'Pekerjaan Pasangan', NULL, 11.00, NULL),
(86, 1, 85, 12.2200, 1422605.44, 17384238.48, 11.0260, '2026-04-01 14:59:52', '2026-04-02 06:07:48', 'item', 'C.1.1', 'Pas batu tabas karangasem', 'm2', 11.00, 19296504.71),
(87, 1, 85, 4.0000, 450000.00, 1800000.00, 1.1420, '2026-04-01 14:59:52', '2026-04-02 06:07:48', 'item', 'C.1.2', 'pas batu tabas karang asti', 'bh', 11.00, 1998000.00),
(88, 1, 85, 76.0000, 120000.00, 9120000.00, 5.7850, '2026-04-01 14:59:52', '2026-04-02 06:07:48', 'item', 'C.1.3', 'pas Batu tabas simbar', 'bh', 11.00, 10123200.00),
(89, 1, 85, 12.2200, 61911.14, 756554.13, 0.4800, '2026-04-01 14:59:52', '2026-04-02 06:07:48', 'item', 'C.1.4', 'Coating Batu Alam', 'bh', 11.00, 839775.09),
(90, 1, 84, NULL, NULL, NULL, 0.0000, '2026-04-01 15:00:11', '2026-04-01 15:00:11', 'subheader', 'C.2', 'Pekerjaan Beton', NULL, 11.00, NULL),
(91, 1, 90, 0.7200, 1104834.32, 795480.71, 0.5050, '2026-04-01 15:01:18', '2026-04-02 06:07:48', 'item', 'C.2.1', 'pek beton pengresek', 'm3', 11.00, 882983.59),
(92, 2, NULL, NULL, NULL, NULL, 0.0000, '2026-04-04 15:33:02', '2026-04-04 15:33:02', 'header', 'A', 'Rencana keselamatan dan kesehatan', NULL, 11.00, NULL),
(93, 2, 92, 1.0000, 3500000.00, 3500000.00, 80.9190, '2026-04-04 15:33:42', '2026-04-04 15:36:40', 'item', 'A.1.1', 'perlengkapatan k3', 'ls', 11.00, 3885000.00),
(94, 2, NULL, NULL, NULL, NULL, 0.0000, '2026-04-04 15:34:24', '2026-04-04 15:34:24', 'header', 'B', 'Bale piyasan', NULL, 11.00, NULL),
(95, 2, 94, NULL, NULL, NULL, 0.0000, '2026-04-04 15:34:51', '2026-04-04 15:34:51', 'subheader', 'B.1', 'Pekerjaan persiapan', NULL, 11.00, NULL),
(96, 2, 95, 1.0000, 385000.00, 385000.00, 8.9010, '2026-04-04 15:36:30', '2026-04-04 15:36:40', 'item', 'B.1.1', 'papan nama pekerjaan', 'ls', 11.00, 427350.00),
(97, 2, 95, 3.8500, 114368.69, 440319.46, 10.1800, '2026-04-04 15:36:30', '2026-04-04 15:36:40', 'item', 'B.1.2', 'pas Bowplank', 'm2', 11.00, 488754.60);

-- --------------------------------------------------------

--
-- Table structure for table `daily_material`
--

CREATE TABLE `daily_material` (
  `id` int NOT NULL,
  `daily_progress_id` int NOT NULL,
  `material_id` int NOT NULL,
  `koef` float DEFAULT NULL,
  `hasil` float DEFAULT NULL,
  `createdAt` datetime NOT NULL,
  `updatedAt` datetime NOT NULL
) ENGINE=InnoDB DEFAULT CHARSET=utf8mb4 COLLATE=utf8mb4_0900_ai_ci;

--
-- Dumping data for table `daily_material`
--

INSERT INTO `daily_material` (`id`, `daily_progress_id`, `material_id`, `koef`, `hasil`, `createdAt`, `updatedAt`) VALUES
(10, 33, 2, 0.4, 0.0308, '2026-04-04 08:53:12', '2026-04-04 08:53:12'),
(14, 36, 5, 1.2, 0.345696, '2026-04-04 09:06:38', '2026-04-04 09:06:38'),
(15, 36, 6, 136, 39.1789, '2026-04-04 09:06:38', '2026-04-04 09:06:38'),
(16, 36, 8, 0.544, 0.156716, '2026-04-04 09:06:38', '2026-04-04 09:06:38'),
(18, 35, 5, 0.43, 0.0559, '2026-04-04 09:09:27', '2026-04-04 09:09:27');

-- --------------------------------------------------------

--
-- Table structure for table `daily_pekerja`
--

CREATE TABLE `daily_pekerja` (
  `id` int NOT NULL,
  `daily_progress_id` int NOT NULL,
  `worker_id` int NOT NULL,
  `koef` float DEFAULT NULL,
  `jumlah` float DEFAULT NULL,
  `createdAt` datetime NOT NULL,
  `updatedAt` datetime NOT NULL
) ENGINE=InnoDB DEFAULT CHARSET=utf8mb4 COLLATE=utf8mb4_0900_ai_ci;

--
-- Dumping data for table `daily_pekerja`
--

INSERT INTO `daily_pekerja` (`id`, `daily_progress_id`, `worker_id`, `koef`, `jumlah`, `createdAt`, `updatedAt`) VALUES
(11, 36, 1, 0.43, 0.123874, '2026-04-04 09:06:38', '2026-04-04 09:06:38'),
(14, 35, 1, 0.78, 0.1014, '2026-04-04 09:09:27', '2026-04-04 09:09:27'),
(15, 35, 4, 1.2, 0.156, '2026-04-04 09:09:27', '2026-04-04 09:09:27');

-- --------------------------------------------------------

--
-- Table structure for table `daily_peralatan`
--

CREATE TABLE `daily_peralatan` (
  `id` int NOT NULL,
  `daily_progress_id` int NOT NULL,
  `tool_id` int NOT NULL,
  `jumlah` float DEFAULT '1',
  `createdAt` datetime NOT NULL,
  `updatedAt` datetime NOT NULL
) ENGINE=InnoDB DEFAULT CHARSET=utf8mb4 COLLATE=utf8mb4_0900_ai_ci;

--
-- Dumping data for table `daily_peralatan`
--

INSERT INTO `daily_peralatan` (`id`, `daily_progress_id`, `tool_id`, `jumlah`, `createdAt`, `updatedAt`) VALUES
(21, 36, 2, 0.28808, '2026-04-04 09:06:38', '2026-04-04 09:06:38'),
(23, 35, 2, 0.13, '2026-04-04 09:09:27', '2026-04-04 09:09:27');

-- --------------------------------------------------------

--
-- Table structure for table `daily_plans`
--

CREATE TABLE `daily_plans` (
  `id` int NOT NULL,
  `project_id` int NOT NULL,
  `tanggal` date NOT NULL,
  `bobot_harian` decimal(10,4) DEFAULT NULL,
  `minggu_ke` int DEFAULT NULL,
  `bulan_ke` int DEFAULT NULL,
  `createdAt` datetime NOT NULL,
  `updatedAt` datetime NOT NULL,
  `rencana_kumulatif` decimal(10,4) DEFAULT NULL,
  `nama_hari` varchar(255) DEFAULT NULL,
  `bobot_mingguan` decimal(10,4) DEFAULT NULL,
  `hari_ke` int DEFAULT NULL,
  `boq_id` int DEFAULT NULL
) ENGINE=InnoDB DEFAULT CHARSET=utf8mb4 COLLATE=utf8mb4_0900_ai_ci;

--
-- Dumping data for table `daily_plans`
--

INSERT INTO `daily_plans` (`id`, `project_id`, `tanggal`, `bobot_harian`, `minggu_ke`, `bulan_ke`, `createdAt`, `updatedAt`, `rencana_kumulatif`, `nama_hari`, `bobot_mingguan`, `hari_ke`, `boq_id`) VALUES
(4097, 1, '2025-10-13', 0.1100, 1, 1, '2026-04-02 12:03:58', '2026-04-02 12:03:58', NULL, 'Senin', 0.7830, 1, NULL),
(4098, 1, '2025-10-14', 0.1100, 1, 1, '2026-04-02 12:03:58', '2026-04-02 12:03:58', NULL, 'Selasa', 0.7830, 2, NULL),
(4099, 1, '2025-10-15', 0.1100, 1, 1, '2026-04-02 12:03:58', '2026-04-02 12:03:58', NULL, 'Rabu', 0.7830, 3, NULL),
(4100, 1, '2025-10-16', 0.1100, 1, 1, '2026-04-02 12:03:58', '2026-04-02 12:03:58', NULL, 'Kamis', 0.7830, 4, NULL),
(4101, 1, '2025-10-17', 0.1100, 1, 1, '2026-04-02 12:03:58', '2026-04-02 12:03:58', NULL, 'Jumat', 0.7830, 5, NULL),
(4102, 1, '2025-10-18', 0.1100, 1, 1, '2026-04-02 12:03:58', '2026-04-02 12:03:58', NULL, 'Sabtu', 0.7830, 6, NULL),
(4103, 1, '2025-10-19', 0.1100, 1, 1, '2026-04-02 12:03:58', '2026-04-02 12:03:58', NULL, 'Minggu', 0.7830, 7, NULL),
(4104, 1, '2025-10-20', 0.3700, 2, 1, '2026-04-02 12:03:58', '2026-04-02 12:03:58', NULL, 'Senin', 2.6170, 8, NULL),
(4105, 1, '2025-10-21', 0.3700, 2, 1, '2026-04-02 12:03:58', '2026-04-02 12:03:58', NULL, 'Selasa', 2.6170, 9, NULL),
(4106, 1, '2025-10-22', 0.3700, 2, 1, '2026-04-02 12:03:58', '2026-04-02 12:03:58', NULL, 'Rabu', 2.6170, 10, NULL),
(4107, 1, '2025-10-23', 0.3700, 2, 1, '2026-04-02 12:03:58', '2026-04-02 12:03:58', NULL, 'Kamis', 2.6170, 11, NULL),
(4108, 1, '2025-10-24', 0.3700, 2, 1, '2026-04-02 12:03:58', '2026-04-02 12:03:58', NULL, 'Jumat', 2.6170, 12, NULL),
(4109, 1, '2025-10-25', 0.3700, 2, 1, '2026-04-02 12:03:58', '2026-04-02 12:03:58', NULL, 'Sabtu', 2.6170, 13, NULL),
(4110, 1, '2025-10-26', 0.3700, 2, 1, '2026-04-02 12:03:58', '2026-04-02 12:03:58', NULL, 'Minggu', 2.6170, 14, NULL),
(4111, 1, '2025-10-27', 0.3900, 3, 1, '2026-04-02 12:03:58', '2026-04-02 12:03:58', NULL, 'Senin', 2.7090, 15, NULL),
(4112, 1, '2025-10-28', 0.3900, 3, 1, '2026-04-02 12:03:58', '2026-04-02 12:03:58', NULL, 'Selasa', 2.7090, 16, NULL),
(4113, 1, '2025-10-29', 0.3900, 3, 1, '2026-04-02 12:03:58', '2026-04-02 12:03:58', NULL, 'Rabu', 2.7090, 17, NULL),
(4114, 1, '2025-10-30', 0.3900, 3, 1, '2026-04-02 12:03:58', '2026-04-02 12:03:58', NULL, 'Kamis', 2.7090, 18, NULL),
(4115, 1, '2025-10-31', 0.3900, 3, 1, '2026-04-02 12:03:58', '2026-04-02 12:03:58', NULL, 'Jumat', 2.7090, 19, NULL),
(4116, 1, '2025-11-01', 0.3900, 3, 1, '2026-04-02 12:03:58', '2026-04-02 12:03:58', NULL, 'Sabtu', 2.7090, 20, NULL),
(4117, 1, '2025-11-02', 0.3900, 3, 1, '2026-04-02 12:03:58', '2026-04-02 12:03:58', NULL, 'Minggu', 2.7090, 21, NULL),
(4118, 1, '2025-11-03', 0.8100, 4, 1, '2026-04-02 12:03:58', '2026-04-02 12:03:58', NULL, 'Senin', 5.6560, 22, NULL),
(4119, 1, '2025-11-04', 0.8100, 4, 1, '2026-04-02 12:03:58', '2026-04-02 12:03:58', NULL, 'Selasa', 5.6560, 23, NULL),
(4120, 1, '2025-11-05', 0.8100, 4, 1, '2026-04-02 12:03:58', '2026-04-02 12:03:58', NULL, 'Rabu', 5.6560, 24, NULL),
(4121, 1, '2025-11-06', 0.8100, 4, 1, '2026-04-02 12:03:58', '2026-04-02 12:03:58', NULL, 'Kamis', 5.6560, 25, NULL),
(4122, 1, '2025-11-07', 0.8100, 4, 1, '2026-04-02 12:03:58', '2026-04-02 12:03:58', NULL, 'Jumat', 5.6560, 26, NULL),
(4123, 1, '2025-11-08', 0.8100, 4, 1, '2026-04-02 12:03:58', '2026-04-02 12:03:58', NULL, 'Sabtu', 5.6560, 27, NULL),
(4124, 1, '2025-11-09', 0.8100, 4, 1, '2026-04-02 12:03:58', '2026-04-02 12:03:58', NULL, 'Minggu', 5.6560, 28, NULL),
(4125, 1, '2025-11-10', 0.8400, 5, 2, '2026-04-02 12:03:58', '2026-04-02 12:03:58', NULL, 'Senin', 5.9030, 29, NULL),
(4126, 1, '2025-11-11', 0.8400, 5, 2, '2026-04-02 12:03:58', '2026-04-02 12:03:58', NULL, 'Selasa', 5.9030, 30, NULL),
(4127, 1, '2025-11-12', 0.8400, 5, 2, '2026-04-02 12:03:58', '2026-04-02 12:03:58', NULL, 'Rabu', 5.9030, 31, NULL),
(4128, 1, '2025-11-13', 0.8400, 5, 2, '2026-04-02 12:03:58', '2026-04-02 12:03:58', NULL, 'Kamis', 5.9030, 32, NULL),
(4129, 1, '2025-11-14', 0.8400, 5, 2, '2026-04-02 12:03:58', '2026-04-02 12:03:58', NULL, 'Jumat', 5.9030, 33, NULL),
(4130, 1, '2025-11-15', 0.8400, 5, 2, '2026-04-02 12:03:58', '2026-04-02 12:03:58', NULL, 'Sabtu', 5.9030, 34, NULL),
(4131, 1, '2025-11-16', 0.8400, 5, 2, '2026-04-02 12:03:58', '2026-04-02 12:03:58', NULL, 'Minggu', 5.9030, 35, NULL),
(4132, 1, '2025-11-17', 2.4200, 6, 2, '2026-04-02 12:03:58', '2026-04-02 12:03:58', NULL, 'Senin', 16.9150, 36, NULL),
(4133, 1, '2025-11-18', 2.4200, 6, 2, '2026-04-02 12:03:58', '2026-04-02 12:03:58', NULL, 'Selasa', 16.9150, 37, NULL),
(4134, 1, '2025-11-19', 2.4200, 6, 2, '2026-04-02 12:03:58', '2026-04-02 12:03:58', NULL, 'Rabu', 16.9150, 38, NULL),
(4135, 1, '2025-11-20', 2.4200, 6, 2, '2026-04-02 12:03:58', '2026-04-02 12:03:58', NULL, 'Kamis', 16.9150, 39, NULL),
(4136, 1, '2025-11-21', 2.4200, 6, 2, '2026-04-02 12:03:58', '2026-04-02 12:03:58', NULL, 'Jumat', 16.9150, 40, NULL),
(4137, 1, '2025-11-22', 2.4200, 6, 2, '2026-04-02 12:03:58', '2026-04-02 12:03:58', NULL, 'Sabtu', 16.9150, 41, NULL),
(4138, 1, '2025-11-23', 2.4200, 6, 2, '2026-04-02 12:03:58', '2026-04-02 12:03:58', NULL, 'Minggu', 16.9150, 42, NULL),
(4139, 1, '2025-11-24', 2.6400, 7, 2, '2026-04-02 12:03:58', '2026-04-02 12:03:58', NULL, 'Senin', 18.4700, 43, NULL),
(4140, 1, '2025-11-25', 2.6400, 7, 2, '2026-04-02 12:03:58', '2026-04-02 12:03:58', NULL, 'Selasa', 18.4700, 44, NULL),
(4141, 1, '2025-11-26', 2.6400, 7, 2, '2026-04-02 12:03:58', '2026-04-02 12:03:58', NULL, 'Rabu', 18.4700, 45, NULL),
(4142, 1, '2025-11-27', 2.6400, 7, 2, '2026-04-02 12:03:58', '2026-04-02 12:03:58', NULL, 'Kamis', 18.4700, 46, NULL),
(4143, 1, '2025-11-28', 2.6400, 7, 2, '2026-04-02 12:03:58', '2026-04-02 12:03:58', NULL, 'Jumat', 18.4700, 47, NULL),
(4144, 1, '2025-11-29', 2.6400, 7, 2, '2026-04-02 12:03:58', '2026-04-02 12:03:58', NULL, 'Sabtu', 18.4700, 48, NULL),
(4145, 1, '2025-11-30', 2.6400, 7, 2, '2026-04-02 12:03:58', '2026-04-02 12:03:58', NULL, 'Minggu', 18.4700, 49, NULL),
(4146, 1, '2025-12-01', 3.5200, 8, 2, '2026-04-02 12:03:58', '2026-04-02 12:03:58', NULL, 'Senin', 24.6240, 50, NULL),
(4147, 1, '2025-12-02', 3.5200, 8, 2, '2026-04-02 12:03:58', '2026-04-02 12:03:58', NULL, 'Selasa', 24.6240, 51, NULL),
(4148, 1, '2025-12-03', 3.5200, 8, 2, '2026-04-02 12:03:58', '2026-04-02 12:03:58', NULL, 'Rabu', 24.6240, 52, NULL),
(4149, 1, '2025-12-04', 3.5200, 8, 2, '2026-04-02 12:03:58', '2026-04-02 12:03:58', NULL, 'Kamis', 24.6240, 53, NULL),
(4150, 1, '2025-12-05', 3.5200, 8, 2, '2026-04-02 12:03:58', '2026-04-02 12:03:58', NULL, 'Jumat', 24.6240, 54, NULL),
(4151, 1, '2025-12-06', 3.5200, 8, 2, '2026-04-02 12:03:58', '2026-04-02 12:03:58', NULL, 'Sabtu', 24.6240, 55, NULL),
(4152, 1, '2025-12-07', 3.5200, 8, 2, '2026-04-02 12:03:58', '2026-04-02 12:03:58', NULL, 'Minggu', 24.6240, 56, NULL),
(4153, 1, '2025-12-08', 5.5800, 9, 2, '2026-04-02 12:03:58', '2026-04-02 12:03:58', NULL, 'Senin', 22.3230, 57, NULL),
(4154, 1, '2025-12-09', 5.5800, 9, 2, '2026-04-02 12:03:58', '2026-04-02 12:03:58', NULL, 'Selasa', 22.3230, 58, NULL),
(4155, 1, '2025-12-10', 5.5800, 9, 2, '2026-04-02 12:03:58', '2026-04-02 12:03:58', NULL, 'Rabu', 22.3230, 59, NULL),
(4156, 1, '2025-12-11', 5.5800, 9, 2, '2026-04-02 12:03:58', '2026-04-02 12:03:58', NULL, 'Kamis', 22.3230, 60, NULL),
(4243, 2, '2025-11-17', 1.9300, 1, 1, '2026-04-04 16:42:00', '2026-04-04 16:42:00', NULL, 'Senin', 13.4860, 1, NULL),
(4244, 2, '2025-11-18', 1.9300, 1, 1, '2026-04-04 16:42:00', '2026-04-04 16:42:00', NULL, 'Selasa', 13.4860, 2, NULL),
(4245, 2, '2025-11-19', 1.9300, 1, 1, '2026-04-04 16:42:00', '2026-04-04 16:42:00', NULL, 'Rabu', 13.4860, 3, NULL),
(4246, 2, '2025-11-20', 1.9300, 1, 1, '2026-04-04 16:42:00', '2026-04-04 16:42:00', NULL, 'Kamis', 13.4860, 4, NULL),
(4247, 2, '2025-11-21', 1.9300, 1, 1, '2026-04-04 16:42:00', '2026-04-04 16:42:00', NULL, 'Jumat', 13.4860, 5, NULL),
(4248, 2, '2025-11-22', 1.9300, 1, 1, '2026-04-04 16:42:00', '2026-04-04 16:42:00', NULL, 'Sabtu', 13.4860, 6, NULL),
(4249, 2, '2025-11-23', 1.9300, 1, 1, '2026-04-04 16:42:00', '2026-04-04 16:42:00', NULL, 'Minggu', 13.4860, 7, NULL),
(4250, 2, '2025-11-24', 1.9300, 2, 1, '2026-04-04 16:42:00', '2026-04-04 16:42:00', NULL, 'Senin', 13.4870, 8, NULL),
(4251, 2, '2025-11-25', 1.9300, 2, 1, '2026-04-04 16:42:00', '2026-04-04 16:42:00', NULL, 'Selasa', 13.4870, 9, NULL),
(4252, 2, '2025-11-26', 1.9300, 2, 1, '2026-04-04 16:42:00', '2026-04-04 16:42:00', NULL, 'Rabu', 13.4870, 10, NULL),
(4253, 2, '2025-11-27', 1.9300, 2, 1, '2026-04-04 16:42:00', '2026-04-04 16:42:00', NULL, 'Kamis', 13.4870, 11, NULL),
(4254, 2, '2025-11-28', 1.9300, 2, 1, '2026-04-04 16:42:00', '2026-04-04 16:42:00', NULL, 'Jumat', 13.4870, 12, NULL),
(4255, 2, '2025-11-29', 1.9300, 2, 2, '2026-04-04 16:42:00', '2026-04-04 16:42:00', NULL, 'Sabtu', 13.4870, 13, NULL),
(4256, 2, '2025-11-30', 1.9300, 2, 2, '2026-04-04 16:42:00', '2026-04-04 16:42:00', NULL, 'Minggu', 13.4870, 14, NULL),
(4257, 2, '2025-12-01', 2.2400, 3, 2, '2026-04-04 16:42:00', '2026-04-04 16:42:00', NULL, 'Senin', 15.7120, 15, NULL),
(4258, 2, '2025-12-02', 2.2400, 3, 2, '2026-04-04 16:42:00', '2026-04-04 16:42:00', NULL, 'Selasa', 15.7120, 16, NULL),
(4259, 2, '2025-12-03', 2.2400, 3, 2, '2026-04-04 16:42:00', '2026-04-04 16:42:00', NULL, 'Rabu', 15.7120, 17, NULL),
(4260, 2, '2025-12-04', 2.2400, 3, 2, '2026-04-04 16:42:00', '2026-04-04 16:42:00', NULL, 'Kamis', 15.7120, 18, NULL),
(4261, 2, '2025-12-05', 2.2400, 3, 2, '2026-04-04 16:42:00', '2026-04-04 16:42:00', NULL, 'Jumat', 15.7120, 19, NULL),
(4262, 2, '2025-12-06', 2.2400, 3, 2, '2026-04-04 16:42:00', '2026-04-04 16:42:00', NULL, 'Sabtu', 15.7120, 20, NULL),
(4263, 2, '2025-12-07', 2.2400, 3, 2, '2026-04-04 16:42:00', '2026-04-04 16:42:00', NULL, 'Minggu', 15.7120, 21, NULL),
(4264, 2, '2025-12-08', 2.2400, 4, 2, '2026-04-04 16:42:00', '2026-04-04 16:42:00', NULL, 'Senin', 15.7120, 22, NULL),
(4265, 2, '2025-12-09', 2.2400, 4, 2, '2026-04-04 16:42:00', '2026-04-04 16:42:00', NULL, 'Selasa', 15.7120, 23, NULL),
(4266, 2, '2025-12-10', 2.2400, 4, 2, '2026-04-04 16:42:00', '2026-04-04 16:42:00', NULL, 'Rabu', 15.7120, 24, NULL),
(4267, 2, '2025-12-11', 2.2400, 4, 2, '2026-04-04 16:42:00', '2026-04-04 16:42:00', NULL, 'Kamis', 15.7120, 25, NULL),
(4268, 2, '2025-12-12', 2.2400, 4, 2, '2026-04-04 16:42:00', '2026-04-04 16:42:00', NULL, 'Jumat', 15.7120, 26, NULL),
(4269, 2, '2025-12-13', 2.2400, 4, 2, '2026-04-04 16:42:00', '2026-04-04 16:42:00', NULL, 'Sabtu', 15.7120, 27, NULL),
(4270, 2, '2025-12-14', 2.2400, 4, 2, '2026-04-04 16:42:00', '2026-04-04 16:42:00', NULL, 'Minggu', 15.7120, 28, NULL),
(4271, 2, '2025-12-15', 2.9700, 5, 2, '2026-04-04 16:42:00', '2026-04-04 16:42:00', NULL, 'Senin', 20.8010, 29, NULL),
(4272, 2, '2025-12-16', 2.9700, 5, 2, '2026-04-04 16:42:00', '2026-04-04 16:42:00', NULL, 'Selasa', 20.8010, 30, NULL),
(4273, 2, '2025-12-17', 2.9700, 5, 2, '2026-04-04 16:42:00', '2026-04-04 16:42:00', NULL, 'Rabu', 20.8010, 31, NULL),
(4274, 2, '2025-12-18', 2.9700, 5, 2, '2026-04-04 16:42:00', '2026-04-04 16:42:00', NULL, 'Kamis', 20.8010, 32, NULL),
(4275, 2, '2025-12-19', 2.9700, 5, 2, '2026-04-04 16:42:00', '2026-04-04 16:42:00', NULL, 'Jumat', 20.8010, 33, NULL),
(4276, 2, '2025-12-20', 2.9700, 5, 2, '2026-04-04 16:42:00', '2026-04-04 16:42:00', NULL, 'Sabtu', 20.8010, 34, NULL),
(4277, 2, '2025-12-21', 2.9700, 5, 2, '2026-04-04 16:42:00', '2026-04-04 16:42:00', NULL, 'Minggu', 20.8010, 35, NULL),
(4278, 2, '2025-12-22', 5.2000, 6, 2, '2026-04-04 16:42:00', '2026-04-04 16:42:00', NULL, 'Senin', 20.8020, 36, NULL),
(4279, 2, '2025-12-23', 5.2000, 6, 2, '2026-04-04 16:42:00', '2026-04-04 16:42:00', NULL, 'Selasa', 20.8020, 37, NULL),
(4280, 2, '2025-12-24', 5.2000, 6, 2, '2026-04-04 16:42:00', '2026-04-04 16:42:00', NULL, 'Rabu', 20.8020, 38, NULL),
(4281, 2, '2025-12-25', 5.2000, 6, 2, '2026-04-04 16:42:00', '2026-04-04 16:42:00', NULL, 'Kamis', 20.8020, 39, NULL);

-- --------------------------------------------------------

--
-- Table structure for table `daily_progress`
--

CREATE TABLE `daily_progress` (
  `id` int NOT NULL,
  `project_id` int NOT NULL,
  `boq_id` int NOT NULL,
  `tanggal` date NOT NULL,
  `volume` float DEFAULT NULL,
  `createdAt` datetime NOT NULL,
  `updatedAt` datetime NOT NULL
) ENGINE=InnoDB DEFAULT CHARSET=utf8mb4 COLLATE=utf8mb4_0900_ai_ci;

--
-- Dumping data for table `daily_progress`
--

INSERT INTO `daily_progress` (`id`, `project_id`, `boq_id`, `tanggal`, `volume`, `createdAt`, `updatedAt`) VALUES
(33, 1, 32, '2025-10-13', 0.077, '2026-04-04 04:54:53', '2026-04-04 08:53:12'),
(35, 1, 34, '2025-10-14', 0.13, '2026-04-04 05:01:43', '2026-04-04 09:09:27'),
(36, 1, 35, '2025-10-20', 0.28808, '2026-04-04 05:13:03', '2026-04-04 09:06:38');

-- --------------------------------------------------------

--
-- Table structure for table `login_logs`
--

CREATE TABLE `login_logs` (
  `id` int NOT NULL,
  `user_id` int DEFAULT NULL,
  `email` varchar(255) NOT NULL,
  `ip_address` varchar(255) DEFAULT NULL,
  `status` enum('success','failed') NOT NULL,
  `createdAt` datetime NOT NULL,
  `updatedAt` datetime NOT NULL
) ENGINE=InnoDB DEFAULT CHARSET=utf8mb4 COLLATE=utf8mb4_0900_ai_ci;

--
-- Dumping data for table `login_logs`
--

INSERT INTO `login_logs` (`id`, `user_id`, `email`, `ip_address`, `status`, `createdAt`, `updatedAt`) VALUES
(37, 2, 'pastikaerror2625@gmail.com', '::1', 'success', '2026-03-31 11:13:28', '2026-03-31 11:13:28'),
(38, 2, 'pastikaerror2625@gmail.com', '::1', 'success', '2026-03-31 11:14:37', '2026-03-31 11:14:37'),
(39, 2, 'pastikaerror2625@gmail.com', '::1', 'success', '2026-03-31 11:40:30', '2026-03-31 11:40:30'),
(40, 2, 'pastikaerror2625@gmail.com', '::1', 'success', '2026-03-31 12:12:53', '2026-03-31 12:12:53'),
(41, 2, 'pastikaerror2625@gmail.com', '::1', 'success', '2026-03-31 12:12:54', '2026-03-31 12:12:54'),
(42, 2, 'pastikaerror2625@gmail.com', '::1', 'success', '2026-03-31 12:12:55', '2026-03-31 12:12:55'),
(43, 2, 'pastikaerror2625@gmail.com', '::1', 'success', '2026-03-31 12:13:58', '2026-03-31 12:13:58');

-- --------------------------------------------------------

--
-- Table structure for table `materials`
--

CREATE TABLE `materials` (
  `id` int NOT NULL,
  `project_id` int NOT NULL,
  `nama` varchar(255) NOT NULL,
  `satuan` varchar(255) NOT NULL,
  `createdAt` datetime NOT NULL,
  `updatedAt` datetime NOT NULL
) ENGINE=InnoDB DEFAULT CHARSET=utf8mb4 COLLATE=utf8mb4_0900_ai_ci;

--
-- Dumping data for table `materials`
--

INSERT INTO `materials` (`id`, `project_id`, `nama`, `satuan`, `createdAt`, `updatedAt`) VALUES
(1, 1, 'Kayu 5/7', 'm3', '2026-04-04 00:16:26', '2026-04-04 00:16:26'),
(2, 1, 'Paku 2”-5”', 'kg', '2026-04-04 00:16:26', '2026-04-04 00:16:26'),
(3, 1, 'Kayu papan 3/20', 'm3', '2026-04-04 00:16:26', '2026-04-04 00:16:26'),
(4, 1, 'Pasir Urug', 'm3', '2026-04-04 00:16:26', '2026-04-04 07:04:37'),
(5, 1, 'Batu Belah', 'm3', '2026-04-04 00:16:26', '2026-04-04 00:16:26'),
(6, 1, 'Semen Portland', 'kg', '2026-04-04 00:16:26', '2026-04-04 00:16:26'),
(7, 1, 'Pasir Pasang', 'm3', '2026-04-04 00:16:26', '2026-04-04 00:16:26'),
(8, 1, 'Pasir Beton', 'm3', '2026-04-04 00:16:26', '2026-04-04 00:16:26'),
(9, 1, 'Kerikil (Maks 30 mm)', 'm3', '2026-04-04 00:16:26', '2026-04-04 00:16:26'),
(10, 1, 'Air', 'ltr', '2026-04-04 00:16:26', '2026-04-04 00:16:26'),
(11, 1, 'Besi Beton (polos/ ulir)', 'kg', '2026-04-04 00:16:26', '2026-04-04 00:16:26'),
(12, 1, 'Kawat Beton', 'kg', '2026-04-04 00:16:26', '2026-04-04 00:16:26'),
(13, 1, 'Batu Karangasem', 'bh', '2026-04-04 00:16:26', '2026-04-04 00:16:26'),
(14, 1, 'Coating Natural', 'kg', '2026-04-04 00:16:26', '2026-04-04 00:16:26'),
(15, 1, 'Kuas', 'bh', '2026-04-04 00:16:26', '2026-04-04 00:16:26'),
(16, 1, 'Saka Kayu Jati', 'm3', '2026-04-04 00:16:26', '2026-04-04 00:16:26'),
(17, 1, 'Paku', 'kg', '2026-04-04 00:16:26', '2026-04-04 00:16:26'),
(18, 1, 'Balok Kayu Jati', 'm3', '2026-04-04 00:16:26', '2026-04-04 00:16:26'),
(19, 1, 'Canggahwang Jati (110x20x6.5 cm)', 'm3', '2026-04-04 00:16:26', '2026-04-04 00:16:26'),
(20, 1, 'Kayu Kamper', 'm3', '2026-04-04 00:16:26', '2026-04-04 00:16:26'),
(21, 1, 'Paku 7 Cm dan 10 Cm', 'kg', '2026-04-04 00:16:26', '2026-04-04 00:16:26'),
(22, 1, 'Papan Kamper', 'm3', '2026-04-04 00:16:26', '2026-04-04 00:16:26'),
(23, 1, 'Paku 5 cm dan 10 cm', 'kg', '2026-04-04 00:16:26', '2026-04-04 00:16:26'),
(24, 1, 'Usuk Bengkirai 5x7 Kamper', 'm3', '2026-04-04 00:16:26', '2026-04-04 00:16:26'),
(25, 1, 'Reng 3x4 Kamper', 'm3', '2026-04-04 00:16:26', '2026-04-04 00:16:26'),
(26, 1, 'Papan Kayu Kamper tebal 3 cm', 'm3', '2026-04-04 00:16:26', '2026-04-04 00:16:26'),
(27, 1, 'Papan Kayu Kamper 2.5/12 cm', 'm3', '2026-04-04 00:16:26', '2026-04-04 00:16:26'),
(28, 1, 'Genteng Kodok (ex good year)', 'bh', '2026-04-04 00:16:26', '2026-04-04 00:16:26'),
(29, 1, 'Genteng Bubung', 'bh', '2026-04-04 00:16:26', '2026-04-04 00:16:26'),
(30, 1, 'Kabel NYM 2x2.5 mm', 'm', '2026-04-04 00:16:26', '2026-04-04 00:16:26'),
(31, 1, 'Pipa Clipsal 20 mm Hitam', 'btg', '2026-04-04 00:16:26', '2026-04-04 00:16:26'),
(32, 1, 'Tee Dos Clipsal 20 mm', 'bh', '2026-04-04 00:16:26', '2026-04-04 00:16:26'),
(33, 1, 'Sock Clipsal 20 mm Hitam', 'bh', '2026-04-04 00:16:26', '2026-04-04 00:16:26'),
(34, 1, 'Isolasi', 'bh', '2026-04-04 00:16:26', '2026-04-04 00:16:26'),
(35, 1, 'Inbow Dos Plastik Clipsal E157P', 'bh', '2026-04-04 00:16:26', '2026-04-04 00:16:26'),
(36, 1, 'Klem', 'bh', '2026-04-04 00:16:26', '2026-04-04 00:16:26'),
(37, 1, 'Led Bulb 13 Watt Philips', 'bh', '2026-04-04 00:16:26', '2026-04-04 00:16:26'),
(38, 1, 'Fitting', 'bh', '2026-04-04 00:16:26', '2026-04-04 00:16:26'),
(39, 1, 'Saklar Tunggal', 'bh', '2026-04-04 00:16:26', '2026-04-04 00:16:26'),
(40, 1, 'Mangkok Listrik', 'bh', '2026-04-04 00:16:26', '2026-04-04 00:16:26'),
(41, 1, 'Politur', 'liter', '2026-04-04 00:16:26', '2026-04-04 00:16:26'),
(42, 1, 'Politur Jadi', 'liter', '2026-04-04 00:16:26', '2026-04-04 00:16:26'),
(43, 1, 'Ampelas', 'lbr', '2026-04-04 00:16:26', '2026-04-04 00:16:26'),
(44, 1, 'Coating Natural (Finishing)', 'kg', '2026-04-04 00:16:26', '2026-04-04 00:16:26'),
(45, 1, 'Kayu Kelas III', 'm3', '2026-04-04 00:16:26', '2026-04-04 00:16:26'),
(46, 1, 'Paku 5 - 12 cm', 'kg', '2026-04-04 00:16:26', '2026-04-04 00:16:26'),
(47, 1, 'Minyak Bekesting', 'liter', '2026-04-04 00:16:26', '2026-04-04 00:16:26'),
(48, 1, 'Balok Kayu Kelas II', 'm3', '2026-04-04 00:16:26', '2026-04-04 00:16:26'),
(49, 1, 'Plywood tebal 9 mm', 'lbr', '2026-04-04 00:16:26', '2026-04-04 00:16:26'),
(50, 1, 'Dolken Kayu Galam Ø8-10cm Panjang 4m', 'batang', '2026-04-04 00:16:26', '2026-04-04 00:16:26'),
(51, 1, 'Batako', 'bh', '2026-04-04 00:16:26', '2026-04-04 00:16:26'),
(52, 1, 'Batu Candi 20/30', 'm2', '2026-04-04 00:16:26', '2026-04-04 00:16:26');

-- --------------------------------------------------------

--
-- Table structure for table `otps`
--

CREATE TABLE `otps` (
  `id` int NOT NULL,
  `user_id` int NOT NULL,
  `code` varchar(255) NOT NULL,
  `expired_at` datetime NOT NULL,
  `request_count` int DEFAULT '0',
  `last_request_at` datetime DEFAULT NULL,
  `createdAt` datetime NOT NULL,
  `updatedAt` datetime NOT NULL
) ENGINE=InnoDB DEFAULT CHARSET=utf8mb4 COLLATE=utf8mb4_0900_ai_ci;

-- --------------------------------------------------------

--
-- Table structure for table `pekerja`
--

CREATE TABLE `pekerja` (
  `id` int NOT NULL,
  `project_id` int NOT NULL,
  `nama` varchar(255) NOT NULL,
  `satuan` varchar(255) DEFAULT 'org',
  `createdAt` datetime NOT NULL,
  `updatedAt` datetime NOT NULL,
  `di_bilang` float DEFAULT '0'
) ENGINE=InnoDB DEFAULT CHARSET=utf8mb4 COLLATE=utf8mb4_0900_ai_ci;

--
-- Dumping data for table `pekerja`
--

INSERT INTO `pekerja` (`id`, `project_id`, `nama`, `satuan`, `createdAt`, `updatedAt`, `di_bilang`) VALUES
(1, 1, 'Pekerja', 'org', '2026-04-04 00:21:07', '2026-04-04 07:13:43', 1),
(2, 1, 'Tukang Kayu', 'org', '2026-04-04 00:21:07', '2026-04-04 00:21:07', 1),
(3, 1, 'Kepala Tukang', 'org', '2026-04-04 00:21:07', '2026-04-04 00:21:07', 1),
(4, 1, 'Mandor', 'org', '2026-04-04 00:21:07', '2026-04-04 00:21:07', 1),
(5, 1, 'Tukang Batu', 'org', '2026-04-04 00:21:07', '2026-04-04 00:21:07', 1),
(6, 1, 'Tukang Style Bali', 'org', '2026-04-04 00:21:07', '2026-04-04 00:21:07', 1),
(7, 1, 'Kepala Tukang Style Bali', 'org', '2026-04-04 00:21:07', '2026-04-04 00:21:07', 1),
(8, 1, 'Mandor Style Bali', 'org', '2026-04-04 00:21:07', '2026-04-04 00:21:07', 1),
(9, 1, 'Tukang Besi', 'org', '2026-04-04 00:21:07', '2026-04-04 00:21:07', 1),
(10, 1, 'Tukang Listrik', 'org', '2026-04-04 00:21:07', '2026-04-04 00:21:07', 1),
(11, 1, 'Tukang Cat', 'org', '2026-04-04 00:21:07', '2026-04-04 00:21:07', 1),
(12, 1, 'Tukang Kayu', 'org', '2026-04-04 00:21:07', '2026-04-04 00:21:07', 1);

-- --------------------------------------------------------

--
-- Table structure for table `peralatan`
--

CREATE TABLE `peralatan` (
  `id` int NOT NULL,
  `project_id` int NOT NULL,
  `nama` varchar(255) NOT NULL,
  `satuan` varchar(255) NOT NULL,
  `createdAt` datetime NOT NULL,
  `updatedAt` datetime NOT NULL,
  `di_bilang` float DEFAULT '0'
) ENGINE=InnoDB DEFAULT CHARSET=utf8mb4 COLLATE=utf8mb4_0900_ai_ci;

--
-- Dumping data for table `peralatan`
--

INSERT INTO `peralatan` (`id`, `project_id`, `nama`, `satuan`, `createdAt`, `updatedAt`, `di_bilang`) VALUES
(1, 1, 'Alat Pertukangan', 'ls', '2026-04-04 00:19:23', '2026-04-04 00:19:23', 1),
(2, 1, 'Gergaji', 'bh', '2026-04-04 00:19:23', '2026-04-04 00:19:23', 1),
(3, 1, 'Palu', 'bh', '2026-04-04 00:19:23', '2026-04-04 00:19:23', 1),
(4, 1, 'Meteran', 'bh', '2026-04-04 00:19:23', '2026-04-04 00:19:23', 1),
(5, 1, 'Mesin Bor', 'bh', '2026-04-04 00:19:23', '2026-04-04 00:19:23', 1),
(6, 1, 'Betel', 'bh', '2026-04-04 00:19:23', '2026-04-04 00:19:23', 1);

-- --------------------------------------------------------

--
-- Table structure for table `projects`
--

CREATE TABLE `projects` (
  `id` int NOT NULL,
  `kegiatan` varchar(255) DEFAULT NULL,
  `pekerjaan` varchar(255) DEFAULT NULL,
  `no_kontrak` varchar(255) DEFAULT NULL,
  `tgl_kontrak` datetime DEFAULT NULL,
  `no_spmk` varchar(255) DEFAULT NULL,
  `tgl_spmk` datetime DEFAULT NULL,
  `kontraktor` varchar(255) DEFAULT NULL,
  `konsultan` varchar(255) DEFAULT NULL,
  `waktu_pelaksanaan` int DEFAULT NULL,
  `nilai_kontrak` float DEFAULT NULL,
  `lokasi` text,
  `tahun` int DEFAULT NULL,
  `createdAt` datetime NOT NULL,
  `updatedAt` datetime NOT NULL,
  `end_date` datetime DEFAULT NULL
) ENGINE=InnoDB DEFAULT CHARSET=utf8mb4 COLLATE=utf8mb4_0900_ai_ci;

--
-- Dumping data for table `projects`
--

INSERT INTO `projects` (`id`, `kegiatan`, `pekerjaan`, `no_kontrak`, `tgl_kontrak`, `no_spmk`, `tgl_spmk`, `kontraktor`, `konsultan`, `waktu_pelaksanaan`, `nilai_kontrak`, `lokasi`, `tahun`, `createdAt`, `updatedAt`, `end_date`) VALUES
(1, 'urusan penyelenggaraan PSU Perumahan', 'Perbaikan Pura Beji Tamansari', '600.2.10.2/3835/DPKPP', '2025-10-13 22:56:48', '600.2.10.2/3837/DPKPP', '2025-10-13 22:56:48', 'PT Mega Mesari Group', 'CV. Ardicon', 60, 175000000, 'Banjar Paang Kelod, Penatih, Denpasar Timur', 2025, '2026-03-31 14:56:48', '2026-03-31 14:56:48', '2025-12-11 11:23:45'),
(2, 'urusan  penyelenggaraan pus perumahan', 'perbaikan pura beji tamban sari', '600.2.10.2/3835/DPKPP', '2025-11-17 00:00:00', '600.2.10.2/3837/DPKPP', '2025-11-17 00:00:00', 'PT. Mega Mesari Group', 'Cv Ardicon', 60, 175000000, 'banjar paang kelod penatih denpasar', 2025, '2026-04-04 09:37:00', '2026-04-04 09:37:00', '2025-12-25 23:43:02');

-- --------------------------------------------------------

--
-- Table structure for table `project_periods`
--

CREATE TABLE `project_periods` (
  `id` int NOT NULL,
  `project_id` int NOT NULL,
  `bulan_ke` int NOT NULL,
  `nama` varchar(255) DEFAULT NULL,
  `start_date` datetime NOT NULL,
  `end_date` datetime NOT NULL,
  `createdAt` datetime NOT NULL,
  `updatedAt` datetime NOT NULL
) ENGINE=InnoDB DEFAULT CHARSET=utf8mb4 COLLATE=utf8mb4_0900_ai_ci;

--
-- Dumping data for table `project_periods`
--

INSERT INTO `project_periods` (`id`, `project_id`, `bulan_ke`, `nama`, `start_date`, `end_date`, `createdAt`, `updatedAt`) VALUES
(1, 1, 1, 'Termin 1', '2025-10-13 00:00:00', '2025-11-09 00:00:00', '2026-03-31 23:56:34', '2026-03-31 23:56:34'),
(2, 1, 2, 'Termin 2', '2025-11-10 00:00:00', '2025-12-11 00:00:00', '2026-04-01 00:45:16', '2026-04-01 00:45:16'),
(3, 2, 2, 'Termin 2', '2025-11-29 00:00:00', '2025-12-25 00:00:00', '2026-04-01 00:45:16', '2026-04-01 00:45:16'),
(4, 2, 1, 'Termin 1', '2025-11-13 00:00:00', '2025-11-28 00:00:00', '2026-03-31 23:56:34', '2026-03-31 23:56:34');

-- --------------------------------------------------------

--
-- Table structure for table `project_weeks`
--

CREATE TABLE `project_weeks` (
  `id` int NOT NULL,
  `project_id` int NOT NULL,
  `minggu_ke` int NOT NULL,
  `start_date` date DEFAULT NULL,
  `end_date` date DEFAULT NULL,
  `createdAt` datetime NOT NULL,
  `updatedAt` datetime NOT NULL
) ENGINE=InnoDB DEFAULT CHARSET=utf8mb4 COLLATE=utf8mb4_0900_ai_ci;

--
-- Dumping data for table `project_weeks`
--

INSERT INTO `project_weeks` (`id`, `project_id`, `minggu_ke`, `start_date`, `end_date`, `createdAt`, `updatedAt`) VALUES
(55, 1, 1, '2025-10-13', '2025-10-19', '2026-04-04 15:45:21', '2026-04-04 15:45:21'),
(56, 1, 2, '2025-10-20', '2025-10-26', '2026-04-04 15:45:21', '2026-04-04 15:45:21'),
(57, 1, 3, '2025-10-27', '2025-11-02', '2026-04-04 15:45:21', '2026-04-04 15:45:21'),
(58, 1, 4, '2025-11-03', '2025-11-09', '2026-04-04 15:45:21', '2026-04-04 15:45:21'),
(59, 1, 5, '2025-11-10', '2025-11-16', '2026-04-04 15:45:21', '2026-04-04 15:45:21'),
(60, 1, 6, '2025-11-17', '2025-11-23', '2026-04-04 15:45:21', '2026-04-04 15:45:21'),
(61, 1, 7, '2025-11-24', '2025-11-30', '2026-04-04 15:45:21', '2026-04-04 15:45:21'),
(62, 1, 8, '2025-12-01', '2025-12-07', '2026-04-04 15:45:21', '2026-04-04 15:45:21'),
(63, 1, 9, '2025-12-08', '2025-12-11', '2026-04-04 15:45:21', '2026-04-04 15:45:21'),
(78, 2, 1, '2025-11-17', '2025-11-23', '2026-04-04 16:30:25', '2026-04-04 16:30:25'),
(79, 2, 2, '2025-11-24', '2025-11-30', '2026-04-04 16:30:25', '2026-04-04 16:30:25'),
(80, 2, 3, '2025-12-01', '2025-12-07', '2026-04-04 16:30:25', '2026-04-04 16:30:25'),
(81, 2, 4, '2025-12-08', '2025-12-14', '2026-04-04 16:30:25', '2026-04-04 16:30:25'),
(82, 2, 5, '2025-12-15', '2025-12-21', '2026-04-04 16:30:25', '2026-04-04 16:30:25'),
(83, 2, 6, '2025-12-22', '2025-12-25', '2026-04-04 16:30:25', '2026-04-04 16:30:25');

-- --------------------------------------------------------

--
-- Table structure for table `refresh_tokens`
--

CREATE TABLE `refresh_tokens` (
  `id` int NOT NULL,
  `user_id` int NOT NULL,
  `token` text NOT NULL,
  `expired_at` datetime NOT NULL,
  `createdAt` datetime NOT NULL,
  `updatedAt` datetime NOT NULL
) ENGINE=InnoDB DEFAULT CHARSET=utf8mb4 COLLATE=utf8mb4_0900_ai_ci;

--
-- Dumping data for table `refresh_tokens`
--

INSERT INTO `refresh_tokens` (`id`, `user_id`, `token`, `expired_at`, `createdAt`, `updatedAt`) VALUES
(38, 2, 'eyJhbGciOiJIUzI1NiIsInR5cCI6IkpXVCJ9.eyJpZCI6Miwicm9sZSI6InN0YWYiLCJpYXQiOjE3NzUyOTM4ODIsImV4cCI6MTc3NTg5ODY4Mn0.qxoLW4F_2rdo-D8Nej3oDnfe_nzczEbl9TP9pZFWYuc', '2026-04-11 09:11:22', '2026-04-04 09:11:22', '2026-04-04 09:11:22');

-- --------------------------------------------------------

--
-- Table structure for table `schedule_items`
--

CREATE TABLE `schedule_items` (
  `id` int NOT NULL,
  `project_id` int NOT NULL,
  `boq_id` int NOT NULL,
  `minggu_ke` int NOT NULL,
  `bobot` decimal(10,4) DEFAULT NULL,
  `createdAt` datetime NOT NULL,
  `updatedAt` datetime NOT NULL
) ENGINE=InnoDB DEFAULT CHARSET=utf8mb4 COLLATE=utf8mb4_0900_ai_ci;

--
-- Dumping data for table `schedule_items`
--

INSERT INTO `schedule_items` (`id`, `project_id`, `boq_id`, `minggu_ke`, `bobot`, `createdAt`, `updatedAt`) VALUES
(1, 1, 22, 1, 0.2470, '2026-04-02 04:30:09', '2026-04-02 04:30:09'),
(2, 1, 22, 2, 0.2470, '2026-04-02 04:30:09', '2026-04-02 04:30:09'),
(3, 1, 22, 3, 0.2470, '2026-04-02 04:30:09', '2026-04-02 04:30:09'),
(4, 1, 22, 4, 0.2470, '2026-04-02 04:30:09', '2026-04-02 04:30:09'),
(5, 1, 22, 5, 0.2470, '2026-04-02 04:30:09', '2026-04-02 04:30:09'),
(6, 1, 22, 6, 0.2470, '2026-04-02 04:30:09', '2026-04-02 04:30:09'),
(7, 1, 22, 7, 0.2470, '2026-04-02 04:30:09', '2026-04-02 04:30:09'),
(8, 1, 22, 8, 0.2470, '2026-04-02 04:30:09', '2026-04-02 04:30:09'),
(9, 1, 22, 9, 0.2470, '2026-04-02 04:30:09', '2026-04-02 04:30:09'),
(10, 1, 25, 1, 0.2440, '2026-04-02 04:30:09', '2026-04-02 04:30:09'),
(11, 1, 29, 1, 0.0130, '2026-04-02 04:48:57', '2026-04-02 04:48:57'),
(12, 1, 29, 2, 0.1470, '2026-04-02 04:48:57', '2026-04-02 04:48:57'),
(23, 1, 27, 1, 0.2790, '2026-04-02 04:55:06', '2026-04-02 04:55:06'),
(36, 1, 31, 2, 0.0390, '2026-04-02 05:04:10', '2026-04-02 05:04:10'),
(37, 1, 32, 2, 0.0990, '2026-04-02 05:04:10', '2026-04-02 05:04:10'),
(38, 1, 34, 2, 0.3490, '2026-04-02 05:04:10', '2026-04-02 05:04:10'),
(39, 1, 35, 2, 1.7360, '2026-04-02 05:04:10', '2026-04-02 05:04:10'),
(40, 1, 35, 3, 2.3120, '2026-04-02 05:04:10', '2026-04-02 05:04:10'),
(41, 1, 36, 4, 0.3170, '2026-04-02 05:04:10', '2026-04-02 05:04:10'),
(42, 1, 36, 5, 0.3170, '2026-04-02 05:04:10', '2026-04-02 05:04:10'),
(56, 1, 37, 8, 10.2640, '2026-04-02 05:10:54', '2026-04-02 05:10:54'),
(57, 1, 37, 9, 10.2640, '2026-04-02 05:10:54', '2026-04-02 05:10:54'),
(58, 1, 38, 8, 0.4060, '2026-04-02 05:10:54', '2026-04-02 05:10:54'),
(59, 1, 38, 9, 0.4060, '2026-04-02 05:10:54', '2026-04-02 05:10:54'),
(60, 1, 39, 8, 0.2420, '2026-04-02 05:10:54', '2026-04-02 05:10:54'),
(61, 1, 39, 9, 1.3120, '2026-04-02 05:10:54', '2026-04-02 05:10:54'),
(83, 1, 41, 8, 0.1860, '2026-04-02 05:14:39', '2026-04-02 05:14:39'),
(84, 1, 41, 9, 0.1860, '2026-04-02 05:14:39', '2026-04-02 05:14:39'),
(85, 1, 42, 3, 0.0870, '2026-04-02 05:14:39', '2026-04-02 05:14:39'),
(86, 1, 43, 4, 0.2020, '2026-04-02 05:14:39', '2026-04-02 05:14:39'),
(87, 1, 44, 3, 0.0630, '2026-04-02 05:14:39', '2026-04-02 05:14:39'),
(88, 1, 44, 4, 0.0950, '2026-04-02 05:14:39', '2026-04-02 05:14:39'),
(89, 1, 45, 4, 0.0320, '2026-04-02 05:14:39', '2026-04-02 05:14:39'),
(90, 1, 45, 5, 0.0320, '2026-04-02 05:14:39', '2026-04-02 05:14:39'),
(91, 1, 46, 4, 0.0940, '2026-04-02 05:14:39', '2026-04-02 05:14:39'),
(92, 1, 46, 5, 0.0940, '2026-04-02 05:14:39', '2026-04-02 05:14:39'),
(93, 1, 47, 4, 0.1610, '2026-04-02 05:14:39', '2026-04-02 05:14:39'),
(94, 1, 47, 5, 0.1610, '2026-04-02 05:14:39', '2026-04-02 05:14:39'),
(95, 1, 48, 4, 0.0280, '2026-04-02 05:14:39', '2026-04-02 05:14:39'),
(96, 1, 48, 5, 0.0280, '2026-04-02 05:14:39', '2026-04-02 05:14:39'),
(97, 1, 49, 4, 0.0050, '2026-04-02 05:14:39', '2026-04-02 05:14:39'),
(98, 1, 49, 5, 0.0050, '2026-04-02 05:14:39', '2026-04-02 05:14:39'),
(99, 1, 50, 4, 0.0860, '2026-04-02 05:14:39', '2026-04-02 05:14:39'),
(100, 1, 50, 5, 0.0860, '2026-04-02 05:14:39', '2026-04-02 05:14:39'),
(101, 1, 52, 5, 0.5440, '2026-04-02 05:14:39', '2026-04-02 05:14:39'),
(102, 1, 52, 6, 0.5440, '2026-04-02 05:14:39', '2026-04-02 05:14:39'),
(103, 1, 52, 7, 0.5440, '2026-04-02 05:14:39', '2026-04-02 05:14:39'),
(104, 1, 52, 8, 1.0640, '2026-04-02 05:14:39', '2026-04-02 05:14:39'),
(131, 1, 53, 6, 0.1600, '2026-04-02 05:44:30', '2026-04-02 05:44:30'),
(132, 1, 53, 7, 0.1600, '2026-04-02 05:44:30', '2026-04-02 05:44:30'),
(133, 1, 53, 8, 0.1600, '2026-04-02 05:44:30', '2026-04-02 05:44:30'),
(134, 1, 54, 6, 0.1480, '2026-04-02 05:44:30', '2026-04-02 05:44:30'),
(135, 1, 54, 7, 0.1480, '2026-04-02 05:44:30', '2026-04-02 05:44:30'),
(136, 1, 54, 8, 0.1480, '2026-04-02 05:44:30', '2026-04-02 05:44:30'),
(137, 1, 55, 6, 1.3180, '2026-04-02 05:44:30', '2026-04-02 05:44:30'),
(138, 1, 55, 7, 1.3180, '2026-04-02 05:44:30', '2026-04-02 05:44:30'),
(139, 1, 55, 8, 1.3180, '2026-04-02 05:44:30', '2026-04-02 05:44:30'),
(140, 1, 56, 6, 0.8070, '2026-04-02 05:44:30', '2026-04-02 05:44:30'),
(141, 1, 56, 7, 0.8070, '2026-04-02 05:44:30', '2026-04-02 05:44:30'),
(142, 1, 56, 8, 0.8070, '2026-04-02 05:44:30', '2026-04-02 05:44:30'),
(143, 1, 57, 6, 0.4950, '2026-04-02 05:44:30', '2026-04-02 05:44:30'),
(144, 1, 57, 7, 0.4950, '2026-04-02 05:44:30', '2026-04-02 05:44:30'),
(145, 1, 57, 8, 0.4950, '2026-04-02 05:44:30', '2026-04-02 05:44:30'),
(146, 1, 58, 6, 0.2820, '2026-04-02 05:44:30', '2026-04-02 05:44:30'),
(147, 1, 58, 7, 0.2820, '2026-04-02 05:44:30', '2026-04-02 05:44:30'),
(148, 1, 58, 8, 0.2820, '2026-04-02 05:44:30', '2026-04-02 05:44:30'),
(149, 1, 59, 6, 0.3000, '2026-04-02 05:44:30', '2026-04-02 05:44:30'),
(150, 1, 59, 7, 0.3000, '2026-04-02 05:44:30', '2026-04-02 05:44:30'),
(151, 1, 59, 8, 0.3000, '2026-04-02 05:44:30', '2026-04-02 05:44:30'),
(152, 1, 60, 6, 0.4050, '2026-04-02 05:44:30', '2026-04-02 05:44:30'),
(153, 1, 60, 7, 0.4050, '2026-04-02 05:44:30', '2026-04-02 05:44:30'),
(154, 1, 60, 8, 0.4050, '2026-04-02 05:44:30', '2026-04-02 05:44:30'),
(155, 1, 61, 6, 0.4620, '2026-04-02 05:44:30', '2026-04-02 05:44:30'),
(156, 1, 61, 7, 0.4620, '2026-04-02 05:44:30', '2026-04-02 05:44:30'),
(157, 1, 61, 8, 0.4620, '2026-04-02 05:44:30', '2026-04-02 05:44:30'),
(158, 1, 62, 6, 1.1990, '2026-04-02 05:44:30', '2026-04-02 05:44:30'),
(159, 1, 62, 7, 1.1990, '2026-04-02 05:44:30', '2026-04-02 05:44:30'),
(160, 1, 62, 8, 1.1990, '2026-04-02 05:44:30', '2026-04-02 05:44:30'),
(161, 1, 63, 6, 0.7070, '2026-04-02 05:44:30', '2026-04-02 05:44:30'),
(162, 1, 63, 7, 0.7070, '2026-04-02 05:44:30', '2026-04-02 05:44:30'),
(163, 1, 63, 8, 0.7070, '2026-04-02 05:44:30', '2026-04-02 05:44:30'),
(164, 1, 64, 6, 1.0290, '2026-04-02 05:44:30', '2026-04-02 05:44:30'),
(165, 1, 64, 7, 1.0290, '2026-04-02 05:44:30', '2026-04-02 05:44:30'),
(166, 1, 64, 8, 1.0290, '2026-04-02 05:44:30', '2026-04-02 05:44:30'),
(167, 1, 65, 6, 0.5790, '2026-04-02 05:44:30', '2026-04-02 05:44:30'),
(168, 1, 65, 7, 0.5790, '2026-04-02 05:44:30', '2026-04-02 05:44:30'),
(169, 1, 65, 8, 0.5790, '2026-04-02 05:44:30', '2026-04-02 05:44:30'),
(170, 1, 66, 6, 0.4340, '2026-04-02 05:44:30', '2026-04-02 05:44:30'),
(171, 1, 66, 7, 0.4340, '2026-04-02 05:44:30', '2026-04-02 05:44:30'),
(172, 1, 66, 8, 0.4340, '2026-04-02 05:44:30', '2026-04-02 05:44:30'),
(173, 1, 67, 6, 0.4000, '2026-04-02 05:44:30', '2026-04-02 05:44:30'),
(174, 1, 67, 7, 0.4000, '2026-04-02 05:44:30', '2026-04-02 05:44:30'),
(175, 1, 67, 8, 0.4000, '2026-04-02 05:44:30', '2026-04-02 05:44:30'),
(176, 1, 68, 6, 0.0310, '2026-04-02 05:44:30', '2026-04-02 05:44:30'),
(177, 1, 68, 7, 0.0310, '2026-04-02 05:44:30', '2026-04-02 05:44:30'),
(178, 1, 68, 8, 0.0310, '2026-04-02 05:44:30', '2026-04-02 05:44:30'),
(179, 1, 69, 6, 0.6890, '2026-04-02 05:44:30', '2026-04-02 05:44:30'),
(180, 1, 69, 7, 0.6890, '2026-04-02 05:44:30', '2026-04-02 05:44:30'),
(181, 1, 69, 8, 0.6890, '2026-04-02 05:44:30', '2026-04-02 05:44:30'),
(182, 1, 70, 6, 0.5540, '2026-04-02 05:44:30', '2026-04-02 05:44:30'),
(183, 1, 70, 7, 0.5540, '2026-04-02 05:44:30', '2026-04-02 05:44:30'),
(184, 1, 70, 8, 0.5540, '2026-04-02 05:44:30', '2026-04-02 05:44:30'),
(185, 1, 71, 6, 0.5780, '2026-04-02 05:44:30', '2026-04-02 05:44:30'),
(186, 1, 71, 7, 0.5780, '2026-04-02 05:44:30', '2026-04-02 05:44:30'),
(187, 1, 71, 8, 0.5780, '2026-04-02 05:44:30', '2026-04-02 05:44:30'),
(188, 1, 72, 6, 1.1580, '2026-04-02 05:44:30', '2026-04-02 05:44:30'),
(189, 1, 72, 7, 1.8120, '2026-04-02 05:44:30', '2026-04-02 05:44:30'),
(190, 1, 72, 8, 1.3280, '2026-04-02 05:44:30', '2026-04-02 05:44:30'),
(239, 1, 73, 9, 2.5600, '2026-04-02 05:48:28', '2026-04-02 05:48:28'),
(240, 1, 74, 9, 2.5720, '2026-04-02 05:48:28', '2026-04-02 05:48:28'),
(241, 1, 75, 9, 0.5710, '2026-04-02 05:48:28', '2026-04-02 05:48:28'),
(242, 1, 76, 9, 0.3170, '2026-04-02 05:48:28', '2026-04-02 05:48:28'),
(243, 1, 78, 8, 0.3100, '2026-04-02 05:48:28', '2026-04-02 05:48:28'),
(244, 1, 79, 9, 0.1600, '2026-04-02 05:48:28', '2026-04-02 05:48:28'),
(246, 1, 82, 9, 2.4300, '2026-04-02 05:48:28', '2026-04-02 05:48:28'),
(247, 1, 83, 9, 0.7740, '2026-04-02 05:48:28', '2026-04-02 05:48:28'),
(248, 1, 86, 4, 2.7570, '2026-04-02 05:48:28', '2026-04-02 05:48:28'),
(249, 1, 86, 5, 2.7570, '2026-04-02 05:48:28', '2026-04-02 05:48:28'),
(250, 1, 86, 6, 2.7570, '2026-04-02 05:48:28', '2026-04-02 05:48:28'),
(251, 1, 86, 7, 2.7570, '2026-04-02 05:48:28', '2026-04-02 05:48:28'),
(252, 1, 87, 4, 0.2850, '2026-04-02 05:48:28', '2026-04-02 05:48:28'),
(253, 1, 87, 5, 0.2850, '2026-04-02 05:48:28', '2026-04-02 05:48:28'),
(254, 1, 87, 6, 0.2850, '2026-04-02 05:48:28', '2026-04-02 05:48:28'),
(255, 1, 87, 7, 0.2850, '2026-04-02 05:48:28', '2026-04-02 05:48:28'),
(256, 1, 88, 4, 1.2210, '2026-04-02 05:48:28', '2026-04-02 05:48:28'),
(257, 1, 88, 5, 1.2210, '2026-04-02 05:48:28', '2026-04-02 05:48:28'),
(258, 1, 88, 6, 1.2210, '2026-04-02 05:48:28', '2026-04-02 05:48:28'),
(259, 1, 88, 7, 2.1220, '2026-04-02 05:48:28', '2026-04-02 05:48:28'),
(260, 1, 89, 9, 0.4800, '2026-04-02 05:48:28', '2026-04-02 05:48:28'),
(261, 1, 91, 4, 0.1260, '2026-04-02 05:48:28', '2026-04-02 05:48:28'),
(262, 1, 91, 5, 0.1260, '2026-04-02 05:48:28', '2026-04-02 05:48:28'),
(263, 1, 91, 6, 0.1260, '2026-04-02 05:48:28', '2026-04-02 05:48:28'),
(264, 1, 91, 7, 0.1260, '2026-04-02 05:48:28', '2026-04-02 05:48:28'),
(373, 1, 80, 9, 0.0440, '2026-04-02 06:08:31', '2026-04-02 06:08:31'),
(558, 2, 97, 5, 5.0900, '2026-04-04 16:31:08', '2026-04-04 16:31:08'),
(559, 2, 97, 6, 5.0900, '2026-04-04 16:31:08', '2026-04-04 16:31:08'),
(560, 2, 96, 3, 2.2260, '2026-04-04 16:33:11', '2026-04-04 16:33:11'),
(561, 2, 96, 4, 2.2250, '2026-04-04 16:33:11', '2026-04-04 16:33:11'),
(562, 2, 96, 5, 2.2250, '2026-04-04 16:33:11', '2026-04-04 16:33:11'),
(563, 2, 96, 6, 2.2250, '2026-04-04 16:33:11', '2026-04-04 16:33:11'),
(564, 2, 93, 1, 13.4860, '2026-04-04 16:33:11', '2026-04-04 16:33:11'),
(565, 2, 93, 2, 13.4870, '2026-04-04 16:33:11', '2026-04-04 16:33:11'),
(566, 2, 93, 3, 13.4860, '2026-04-04 16:33:11', '2026-04-04 16:33:11'),
(567, 2, 93, 4, 13.4870, '2026-04-04 16:33:11', '2026-04-04 16:33:11'),
(568, 2, 93, 5, 13.4860, '2026-04-04 16:33:11', '2026-04-04 16:33:11'),
(569, 2, 93, 6, 13.4870, '2026-04-04 16:33:11', '2026-04-04 16:33:11');

-- --------------------------------------------------------

--
-- Table structure for table `trusted_devices`
--

CREATE TABLE `trusted_devices` (
  `id` int NOT NULL,
  `user_id` int DEFAULT NULL,
  `device_id` text,
  `createdAt` datetime NOT NULL,
  `updatedAt` datetime NOT NULL,
  `last_used` datetime DEFAULT NULL
) ENGINE=InnoDB DEFAULT CHARSET=utf8mb4 COLLATE=utf8mb4_0900_ai_ci;

--
-- Dumping data for table `trusted_devices`
--

INSERT INTO `trusted_devices` (`id`, `user_id`, `device_id`, `createdAt`, `updatedAt`, `last_used`) VALUES
(9, 2, 'Mozilla/5.0 (Macintosh; Intel Mac OS X 10_15_7) AppleWebKit/537.36 (KHTML, like Gecko) Chrome/146.0.0.0 Safari/537.36', '2026-03-31 12:14:29', '2026-04-04 09:11:22', '2026-04-04 09:11:22');

-- --------------------------------------------------------

--
-- Table structure for table `users`
--

CREATE TABLE `users` (
  `id` int NOT NULL,
  `name` varchar(100) NOT NULL,
  `email` varchar(120) NOT NULL,
  `password` varchar(200) NOT NULL,
  `role` enum('admin','staf') NOT NULL DEFAULT 'staf',
  `status` enum('pending','verified','rejected') NOT NULL DEFAULT 'pending',
  `createdAt` datetime NOT NULL,
  `updatedAt` datetime NOT NULL
) ENGINE=InnoDB DEFAULT CHARSET=utf8mb4 COLLATE=utf8mb4_0900_ai_ci;

--
-- Dumping data for table `users`
--

INSERT INTO `users` (`id`, `name`, `email`, `password`, `role`, `status`, `createdAt`, `updatedAt`) VALUES
(2, 'nyoman pastika', 'pastikaerror2625@gmail.com', '$2b$10$zWR.Kkd2YEzO/1R0iHa3sei1q1w6/Vy6z/NhCsWoNt4GxICB31Amq', 'staf', 'verified', '2026-03-30 02:50:50', '2026-03-30 02:50:50');

--
-- Indexes for dumped tables
--

--
-- Indexes for table `boq_items`
--
ALTER TABLE `boq_items`
  ADD PRIMARY KEY (`id`),
  ADD KEY `project_id` (`project_id`),
  ADD KEY `parent_id` (`parent_id`);

--
-- Indexes for table `daily_material`
--
ALTER TABLE `daily_material`
  ADD PRIMARY KEY (`id`),
  ADD KEY `daily_progress_id` (`daily_progress_id`),
  ADD KEY `material_id` (`material_id`);

--
-- Indexes for table `daily_pekerja`
--
ALTER TABLE `daily_pekerja`
  ADD PRIMARY KEY (`id`),
  ADD KEY `daily_progress_id` (`daily_progress_id`),
  ADD KEY `worker_id` (`worker_id`);

--
-- Indexes for table `daily_peralatan`
--
ALTER TABLE `daily_peralatan`
  ADD PRIMARY KEY (`id`),
  ADD KEY `daily_progress_id` (`daily_progress_id`),
  ADD KEY `tool_id` (`tool_id`);

--
-- Indexes for table `daily_plans`
--
ALTER TABLE `daily_plans`
  ADD PRIMARY KEY (`id`),
  ADD KEY `project_id` (`project_id`),
  ADD KEY `boq_id` (`boq_id`);

--
-- Indexes for table `daily_progress`
--
ALTER TABLE `daily_progress`
  ADD PRIMARY KEY (`id`),
  ADD KEY `project_id` (`project_id`),
  ADD KEY `boq_id` (`boq_id`);

--
-- Indexes for table `login_logs`
--
ALTER TABLE `login_logs`
  ADD PRIMARY KEY (`id`);

--
-- Indexes for table `materials`
--
ALTER TABLE `materials`
  ADD PRIMARY KEY (`id`);

--
-- Indexes for table `otps`
--
ALTER TABLE `otps`
  ADD PRIMARY KEY (`id`);

--
-- Indexes for table `pekerja`
--
ALTER TABLE `pekerja`
  ADD PRIMARY KEY (`id`);

--
-- Indexes for table `peralatan`
--
ALTER TABLE `peralatan`
  ADD PRIMARY KEY (`id`);

--
-- Indexes for table `projects`
--
ALTER TABLE `projects`
  ADD PRIMARY KEY (`id`);

--
-- Indexes for table `project_periods`
--
ALTER TABLE `project_periods`
  ADD PRIMARY KEY (`id`),
  ADD KEY `project_id` (`project_id`);

--
-- Indexes for table `project_weeks`
--
ALTER TABLE `project_weeks`
  ADD PRIMARY KEY (`id`),
  ADD KEY `project_id` (`project_id`);

--
-- Indexes for table `refresh_tokens`
--
ALTER TABLE `refresh_tokens`
  ADD PRIMARY KEY (`id`);

--
-- Indexes for table `schedule_items`
--
ALTER TABLE `schedule_items`
  ADD PRIMARY KEY (`id`),
  ADD KEY `project_id` (`project_id`),
  ADD KEY `boq_id` (`boq_id`);

--
-- Indexes for table `trusted_devices`
--
ALTER TABLE `trusted_devices`
  ADD PRIMARY KEY (`id`);

--
-- Indexes for table `users`
--
ALTER TABLE `users`
  ADD PRIMARY KEY (`id`);

--
-- AUTO_INCREMENT for dumped tables
--

--
-- AUTO_INCREMENT for table `boq_items`
--
ALTER TABLE `boq_items`
  MODIFY `id` int NOT NULL AUTO_INCREMENT, AUTO_INCREMENT=98;

--
-- AUTO_INCREMENT for table `daily_material`
--
ALTER TABLE `daily_material`
  MODIFY `id` int NOT NULL AUTO_INCREMENT, AUTO_INCREMENT=19;

--
-- AUTO_INCREMENT for table `daily_pekerja`
--
ALTER TABLE `daily_pekerja`
  MODIFY `id` int NOT NULL AUTO_INCREMENT, AUTO_INCREMENT=16;

--
-- AUTO_INCREMENT for table `daily_peralatan`
--
ALTER TABLE `daily_peralatan`
  MODIFY `id` int NOT NULL AUTO_INCREMENT, AUTO_INCREMENT=24;

--
-- AUTO_INCREMENT for table `daily_plans`
--
ALTER TABLE `daily_plans`
  MODIFY `id` int NOT NULL AUTO_INCREMENT, AUTO_INCREMENT=4282;

--
-- AUTO_INCREMENT for table `daily_progress`
--
ALTER TABLE `daily_progress`
  MODIFY `id` int NOT NULL AUTO_INCREMENT, AUTO_INCREMENT=37;

--
-- AUTO_INCREMENT for table `login_logs`
--
ALTER TABLE `login_logs`
  MODIFY `id` int NOT NULL AUTO_INCREMENT, AUTO_INCREMENT=44;

--
-- AUTO_INCREMENT for table `materials`
--
ALTER TABLE `materials`
  MODIFY `id` int NOT NULL AUTO_INCREMENT, AUTO_INCREMENT=53;

--
-- AUTO_INCREMENT for table `otps`
--
ALTER TABLE `otps`
  MODIFY `id` int NOT NULL AUTO_INCREMENT;

--
-- AUTO_INCREMENT for table `pekerja`
--
ALTER TABLE `pekerja`
  MODIFY `id` int NOT NULL AUTO_INCREMENT, AUTO_INCREMENT=13;

--
-- AUTO_INCREMENT for table `peralatan`
--
ALTER TABLE `peralatan`
  MODIFY `id` int NOT NULL AUTO_INCREMENT, AUTO_INCREMENT=7;

--
-- AUTO_INCREMENT for table `projects`
--
ALTER TABLE `projects`
  MODIFY `id` int NOT NULL AUTO_INCREMENT, AUTO_INCREMENT=3;

--
-- AUTO_INCREMENT for table `project_periods`
--
ALTER TABLE `project_periods`
  MODIFY `id` int NOT NULL AUTO_INCREMENT, AUTO_INCREMENT=5;

--
-- AUTO_INCREMENT for table `project_weeks`
--
ALTER TABLE `project_weeks`
  MODIFY `id` int NOT NULL AUTO_INCREMENT, AUTO_INCREMENT=84;

--
-- AUTO_INCREMENT for table `refresh_tokens`
--
ALTER TABLE `refresh_tokens`
  MODIFY `id` int NOT NULL AUTO_INCREMENT, AUTO_INCREMENT=39;

--
-- AUTO_INCREMENT for table `schedule_items`
--
ALTER TABLE `schedule_items`
  MODIFY `id` int NOT NULL AUTO_INCREMENT, AUTO_INCREMENT=572;

--
-- AUTO_INCREMENT for table `trusted_devices`
--
ALTER TABLE `trusted_devices`
  MODIFY `id` int NOT NULL AUTO_INCREMENT, AUTO_INCREMENT=10;

--
-- AUTO_INCREMENT for table `users`
--
ALTER TABLE `users`
  MODIFY `id` int NOT NULL AUTO_INCREMENT, AUTO_INCREMENT=3;

--
-- Constraints for dumped tables
--

--
-- Constraints for table `boq_items`
--
ALTER TABLE `boq_items`
  ADD CONSTRAINT `boq_items_ibfk_917` FOREIGN KEY (`project_id`) REFERENCES `projects` (`id`) ON DELETE CASCADE ON UPDATE CASCADE,
  ADD CONSTRAINT `boq_items_ibfk_918` FOREIGN KEY (`parent_id`) REFERENCES `boq_items` (`id`);

--
-- Constraints for table `daily_material`
--
ALTER TABLE `daily_material`
  ADD CONSTRAINT `daily_material_ibfk_175` FOREIGN KEY (`daily_progress_id`) REFERENCES `daily_progress` (`id`) ON DELETE CASCADE ON UPDATE CASCADE,
  ADD CONSTRAINT `daily_material_ibfk_176` FOREIGN KEY (`material_id`) REFERENCES `materials` (`id`) ON UPDATE CASCADE;

--
-- Constraints for table `daily_pekerja`
--
ALTER TABLE `daily_pekerja`
  ADD CONSTRAINT `daily_pekerja_ibfk_175` FOREIGN KEY (`daily_progress_id`) REFERENCES `daily_progress` (`id`) ON DELETE CASCADE ON UPDATE CASCADE,
  ADD CONSTRAINT `daily_pekerja_ibfk_176` FOREIGN KEY (`worker_id`) REFERENCES `pekerja` (`id`) ON UPDATE CASCADE;

--
-- Constraints for table `daily_peralatan`
--
ALTER TABLE `daily_peralatan`
  ADD CONSTRAINT `daily_peralatan_ibfk_175` FOREIGN KEY (`daily_progress_id`) REFERENCES `daily_progress` (`id`) ON DELETE CASCADE ON UPDATE CASCADE,
  ADD CONSTRAINT `daily_peralatan_ibfk_176` FOREIGN KEY (`tool_id`) REFERENCES `peralatan` (`id`) ON UPDATE CASCADE;

--
-- Constraints for table `daily_plans`
--
ALTER TABLE `daily_plans`
  ADD CONSTRAINT `daily_plans_ibfk_369` FOREIGN KEY (`project_id`) REFERENCES `projects` (`id`),
  ADD CONSTRAINT `daily_plans_ibfk_370` FOREIGN KEY (`boq_id`) REFERENCES `boq_items` (`id`) ON DELETE SET NULL ON UPDATE CASCADE;

--
-- Constraints for table `daily_progress`
--
ALTER TABLE `daily_progress`
  ADD CONSTRAINT `daily_progress_ibfk_422` FOREIGN KEY (`project_id`) REFERENCES `projects` (`id`) ON UPDATE CASCADE,
  ADD CONSTRAINT `daily_progress_ibfk_423` FOREIGN KEY (`boq_id`) REFERENCES `boq_items` (`id`) ON UPDATE CASCADE;

--
-- Constraints for table `project_periods`
--
ALTER TABLE `project_periods`
  ADD CONSTRAINT `project_periods_ibfk_1` FOREIGN KEY (`project_id`) REFERENCES `projects` (`id`) ON DELETE CASCADE ON UPDATE CASCADE;

--
-- Constraints for table `project_weeks`
--
ALTER TABLE `project_weeks`
  ADD CONSTRAINT `project_weeks_ibfk_1` FOREIGN KEY (`project_id`) REFERENCES `projects` (`id`);

--
-- Constraints for table `schedule_items`
--
ALTER TABLE `schedule_items`
  ADD CONSTRAINT `schedule_items_ibfk_389` FOREIGN KEY (`project_id`) REFERENCES `projects` (`id`),
  ADD CONSTRAINT `schedule_items_ibfk_390` FOREIGN KEY (`boq_id`) REFERENCES `boq_items` (`id`) ON DELETE CASCADE ON UPDATE CASCADE;
COMMIT;

/*!40101 SET CHARACTER_SET_CLIENT=@OLD_CHARACTER_SET_CLIENT */;
/*!40101 SET CHARACTER_SET_RESULTS=@OLD_CHARACTER_SET_RESULTS */;
/*!40101 SET COLLATION_CONNECTION=@OLD_COLLATION_CONNECTION */;
