-- phpMyAdmin SQL Dump
-- version 5.2.1
-- https://www.phpmyadmin.net/
--
-- Host: localhost:8889
-- Generation Time: Apr 24, 2026 at 03:35 AM
-- Server version: 8.0.40
-- PHP Version: 7.4.33

SET SQL_MODE = "NO_AUTO_VALUE_ON_ZERO";
START TRANSACTION;
SET time_zone = "+00:00";


/*!40101 SET @OLD_CHARACTER_SET_CLIENT=@@CHARACTER_SET_CLIENT */;
/*!40101 SET @OLD_CHARACTER_SET_RESULTS=@@CHARACTER_SET_RESULTS */;
/*!40101 SET @OLD_COLLATION_CONNECTION=@@COLLATION_CONNECTION */;
/*!40101 SET NAMES utf8mb4 */;

--
-- Database: `megamesarigroup`
--

-- --------------------------------------------------------

--
-- Table structure for table `analisa_master`
--

CREATE TABLE `analisa_master` (
  `id` int NOT NULL,
  `kode` varchar(255) NOT NULL,
  `nama` varchar(255) NOT NULL,
  `satuan` varchar(255) NOT NULL,
  `overhead_persen` float DEFAULT '10',
  `createdAt` datetime NOT NULL,
  `updatedAt` datetime NOT NULL
) ENGINE=InnoDB DEFAULT CHARSET=utf8mb4 COLLATE=utf8mb4_0900_ai_ci;

-- --------------------------------------------------------

--
-- Table structure for table `analisa_master_detail`
--

CREATE TABLE `analisa_master_detail` (
  `id` int NOT NULL,
  `analisa_id` int NOT NULL,
  `item_id` int NOT NULL,
  `koefisien` float NOT NULL,
  `createdAt` datetime NOT NULL,
  `updatedAt` datetime NOT NULL
) ENGINE=InnoDB DEFAULT CHARSET=utf8mb4 COLLATE=utf8mb4_0900_ai_ci;

-- --------------------------------------------------------

--
-- Table structure for table `boq_items`
--

CREATE TABLE `boq_items` (
  `id` int NOT NULL,
  `project_id` int NOT NULL,
  `analisa_id` int DEFAULT NULL,
  `parent_id` int DEFAULT NULL,
  `kode` varchar(255) DEFAULT NULL,
  `uraian` text NOT NULL,
  `satuan` varchar(255) DEFAULT NULL,
  `volume` decimal(15,4) DEFAULT NULL,
  `harga_satuan` decimal(20,2) DEFAULT NULL,
  `jumlah` decimal(20,2) DEFAULT NULL,
  `ppn` decimal(5,2) DEFAULT '11.00',
  `jumlah_ppn` decimal(20,2) DEFAULT NULL,
  `bobot` decimal(10,4) DEFAULT NULL,
  `tipe` enum('header','item','total','ppn','grand_total','pembulatan','subheader') DEFAULT 'item',
  `createdAt` datetime NOT NULL,
  `updatedAt` datetime NOT NULL
) ENGINE=InnoDB DEFAULT CHARSET=utf8mb4 COLLATE=utf8mb4_0900_ai_ci;

--
-- Dumping data for table `boq_items`
--

INSERT INTO `boq_items` (`id`, `project_id`, `analisa_id`, `parent_id`, `kode`, `uraian`, `satuan`, `volume`, `harga_satuan`, `jumlah`, `ppn`, `jumlah_ppn`, `bobot`, `tipe`, `createdAt`, `updatedAt`) VALUES
(264, 2, NULL, NULL, 'A', 'PEKERJAAN SMKK', NULL, NULL, NULL, NULL, 11.00, NULL, NULL, 'header', '2026-04-18 07:34:39', '2026-04-18 07:34:39'),
(265, 2, NULL, 264, '', 'Penyelenggaraan Keamanan dan Kesehatan Kerja serta Keselamatan Konstruksi', '', 0.0000, NULL, NULL, 11.00, NULL, NULL, 'item', '2026-04-18 07:34:39', '2026-04-18 07:34:39'),
(266, 2, NULL, 264, 'I', 'PENYIAPAN SMKK', NULL, NULL, NULL, NULL, 11.00, NULL, NULL, 'subheader', '2026-04-18 07:34:39', '2026-04-18 07:34:39'),
(267, 2, 71, 266, '1', 'Pembuatan Prosedur dan instruksi kerja', 'Set', 1.0000, 1999280.00, 1999280.00, 11.00, 2219200.80, 0.5580, 'item', '2026-04-18 07:34:39', '2026-04-22 17:54:55'),
(268, 2, NULL, 264, 'II', 'SOSIALISASI DAN PROMOSI SMKK', NULL, NULL, NULL, NULL, 11.00, NULL, NULL, 'subheader', '2026-04-18 07:34:39', '2026-04-18 07:34:39'),
(269, 2, 72, 268, '1', 'Spanduk (banner) ; (6m2)', 'Unit', 1.0000, 300000.00, 300000.00, 11.00, 333000.00, 0.0840, 'item', '2026-04-18 07:34:39', '2026-04-22 17:54:55'),
(270, 2, 73, 268, '2', 'Poster', 'Bh', 1.0000, 150000.00, 150000.00, 11.00, 166500.00, 0.0420, 'item', '2026-04-18 07:34:39', '2026-04-22 17:54:55'),
(271, 2, NULL, 264, 'III', 'ALAT PELINDUNG KERJA DAN ALAT PELINDUNG DIRI', NULL, NULL, NULL, NULL, 11.00, NULL, NULL, 'subheader', '2026-04-18 07:34:39', '2026-04-18 07:34:39'),
(272, 2, 74, 271, '1', 'Topi Pelindung (Safety Helmet)', 'bh', 5.0000, 25000.00, 125000.00, 11.00, 138750.00, 0.0350, 'item', '2026-04-18 07:34:39', '2026-04-22 17:54:55'),
(273, 2, 75, 271, '2', 'Pelindung pernafasan dan mulut (Masker)', 'Kotak', 1.0000, 60000.00, 60000.00, 11.00, 66600.00, 0.0170, 'item', '2026-04-18 07:34:39', '2026-04-22 17:54:55'),
(274, 2, 76, 271, '3', 'Sepatu keselamatan (Rubber safety shoes and toe cap)', 'Psg', 5.0000, 68000.00, 340000.00, 11.00, 377400.00, 0.0950, 'item', '2026-04-18 07:34:39', '2026-04-22 17:54:55'),
(275, 2, 77, 271, '4', 'Rompi keselamatan (safety vest)', 'bh', 5.0000, 35000.00, 175000.00, 11.00, 194250.00, 0.0490, 'item', '2026-04-18 07:34:39', '2026-04-22 17:54:55'),
(276, 2, NULL, 264, 'IV', 'ASURANSI DAN PERIZINAN', NULL, NULL, NULL, NULL, 11.00, NULL, NULL, 'subheader', '2026-04-18 07:34:39', '2026-04-18 07:34:39'),
(277, 2, 78, 276, '1', 'BPJS  Ketenagakerjaan', 'Ls', 1.0000, 800000.00, 800000.00, 11.00, 888000.00, 0.2230, 'item', '2026-04-18 07:34:39', '2026-04-22 17:54:55'),
(278, 2, NULL, 264, 'V', 'FASILITAS, SARANA DAN PRASARANA KESEHATAN ', NULL, NULL, NULL, NULL, 11.00, NULL, NULL, 'subheader', '2026-04-18 07:34:39', '2026-04-18 07:34:39'),
(279, 2, 79, 278, '1', 'Peralatan K3 (Kotak P3k, Obat Luka, Perban, Dll)', 'Ls', 1.0000, 1500000.00, 1500000.00, 11.00, 1665000.00, 0.4180, 'item', '2026-04-18 07:34:39', '2026-04-22 17:54:55'),
(280, 2, NULL, 264, 'VI', 'RAMBU-RAMBU YANG DIPERLUKAN', NULL, NULL, NULL, NULL, 11.00, NULL, NULL, 'subheader', '2026-04-18 07:34:39', '2026-04-18 07:34:39'),
(281, 2, 80, 280, '1', 'Rambu petunjuk', 'Bh', 1.0000, 85000.00, 85000.00, 11.00, 94350.00, 0.0240, 'item', '2026-04-18 07:34:39', '2026-04-22 17:54:55'),
(282, 2, 81, 280, '2', 'Rambu peringatan', 'Bh', 1.0000, 85000.00, 85000.00, 11.00, 94350.00, 0.0240, 'item', '2026-04-18 07:34:39', '2026-04-22 17:54:55'),
(283, 2, NULL, NULL, 'B', 'GEDUNG KELAS I (LANTAI 2)', NULL, NULL, NULL, NULL, 11.00, NULL, NULL, 'header', '2026-04-18 07:34:39', '2026-04-18 07:34:39'),
(284, 2, 70, 283, '1', 'Pek. Bongkaran plafond', 'm2', 207.3900, 5500.00, 1140645.00, 11.00, 1266115.95, 0.3180, 'item', '2026-04-18 07:34:39', '2026-04-22 17:54:55'),
(285, 2, 65, 283, '2', 'Pek. Pas. Plafond PVC Putih Polos', 'm2', 207.3900, 255550.00, 52998514.50, 11.00, 58828351.10, 14.7810, 'item', '2026-04-18 07:34:39', '2026-04-22 17:54:55'),
(286, 2, 69, 283, '4', 'Pek. List Plafond PVC Putih', 'm\'', 99.9600, 26853.00, 2684225.88, 11.00, 2979490.73, 0.7490, 'item', '2026-04-18 07:34:39', '2026-04-22 17:54:55'),
(287, 2, 63, 283, '6', 'Pek. Pengecatan Plafond', 'm2', 152.6600, 61335.00, 9363401.10, 11.00, 10393375.22, 2.6110, 'item', '2026-04-18 07:34:39', '2026-04-22 17:54:55'),
(288, 2, 60, 283, '7', 'Pek. Pas. Instalasi titik lampu', 'titik', 12.0000, 449902.00, 5398824.00, 11.00, 5992694.64, 1.5060, 'item', '2026-04-18 07:34:39', '2026-04-22 17:54:55'),
(289, 2, 62, 283, '9', 'Pek. Pasangan lampu TBS/RMI 2 x 8 watt (LED)', 'bh', 12.0000, 668187.00, 8018244.00, 11.00, 8900250.84, 2.2360, 'item', '2026-04-18 07:34:39', '2026-04-22 17:54:55'),
(290, 2, 58, 283, '11', 'Pek. Pas. Saklar ganda ', 'bh', 3.0000, 63699.00, 191097.00, 11.00, 212117.67, 0.0530, 'item', '2026-04-18 07:34:39', '2026-04-22 17:54:55'),
(291, 2, NULL, NULL, 'C', 'GEDUNG KELAS II (LANTAI 2)', NULL, NULL, NULL, NULL, 11.00, NULL, NULL, 'header', '2026-04-18 07:34:39', '2026-04-18 07:34:39'),
(292, 2, 70, 291, '1', 'Pek. Bongkaran plafond', 'm2', 143.8300, 5500.00, 791065.00, 11.00, 878082.15, 0.2210, 'item', '2026-04-18 07:34:39', '2026-04-22 17:54:55'),
(293, 2, 65, 291, '2', 'Pek. Pas. Plafond PVC Putih Polos', 'm2', 143.8300, 255550.00, 36755756.50, 11.00, 40798889.72, 10.2510, 'item', '2026-04-18 07:34:39', '2026-04-22 17:54:55'),
(294, 2, 67, 291, '4', 'Pek. List Plafond PVC Putih', 'm\'', 68.0800, 26853.00, 1828152.24, 11.00, 2029248.99, 0.5100, 'item', '2026-04-18 07:34:39', '2026-04-22 17:54:55'),
(295, 2, 63, 291, '6', 'Pek. Pengecatan Plafond', 'm2', 98.0900, 61335.00, 6016350.15, 11.00, 6678148.67, 1.6780, 'item', '2026-04-18 07:34:39', '2026-04-22 17:54:55'),
(296, 2, 60, 291, '7', 'Pek. Pas. Instalasi titik lampu', 'titik', 8.0000, 449902.00, 3599216.00, 11.00, 3995129.76, 1.0040, 'item', '2026-04-18 07:34:39', '2026-04-22 17:54:55'),
(297, 2, 62, 291, '9', 'Pek. Pasangan lampu TBS/RMI 2 x 8 watt (LED)', 'bh', 8.0000, 668187.00, 5345496.00, 11.00, 5933500.56, 1.4910, 'item', '2026-04-18 07:34:39', '2026-04-22 17:54:55'),
(298, 2, 58, 291, '11', 'Pek. Pas. Saklar ganda ', 'bh', 2.0000, 63699.00, 127398.00, 11.00, 141411.78, 0.0360, 'item', '2026-04-18 07:34:39', '2026-04-22 17:54:55'),
(299, 2, NULL, NULL, 'D', 'GEDUNG KELAS III ', NULL, NULL, NULL, NULL, 11.00, NULL, NULL, 'header', '2026-04-18 07:34:39', '2026-04-18 07:34:39'),
(300, 2, NULL, 299, 'I', 'Lantai 1', NULL, NULL, NULL, NULL, 11.00, NULL, NULL, 'subheader', '2026-04-18 07:34:39', '2026-04-18 07:34:39'),
(301, 2, 70, 300, '1', 'Pek. Bongkaran plafond', 'm2', 5.0200, 5500.00, 27610.00, 11.00, 30647.10, 0.0080, 'item', '2026-04-18 07:34:39', '2026-04-22 17:54:55'),
(302, 2, 65, 300, '2', 'Pek. Pas. Plafond PVC Putih Polos', 'm2', 5.0200, 255550.00, 1282861.00, 11.00, 1423975.71, 0.3580, 'item', '2026-04-18 07:34:39', '2026-04-22 17:54:55'),
(303, 2, 67, 300, '4', 'Pek. List Plafond PVC Putih', 'm\'', 12.7000, 26853.00, 341033.10, 11.00, 378546.74, 0.0950, 'item', '2026-04-18 07:34:39', '2026-04-22 17:54:55'),
(304, 2, 63, 300, '6', 'Pek. Pengecatan Plafond', 'titik', 2.0000, 61335.00, 122670.00, 11.00, 136163.70, 0.0340, 'item', '2026-04-18 07:34:39', '2026-04-22 17:54:55'),
(305, 2, 60, 300, '7', 'Pek. Pas. Instalasi titik lampu', 'bh', 2.0000, 449902.00, 899804.00, 11.00, 998782.44, 0.2510, 'item', '2026-04-18 07:34:39', '2026-04-22 17:54:55'),
(306, 2, 58, 300, '11', 'Pek. Pas. Saklar single', 'bh', 2.0000, 63699.00, 127398.00, 11.00, 141411.78, 0.0360, 'item', '2026-04-18 07:34:39', '2026-04-22 17:54:55'),
(307, 2, NULL, 299, 'II', 'Lantai 2', NULL, NULL, NULL, NULL, 11.00, NULL, NULL, 'subheader', '2026-04-18 07:34:39', '2026-04-18 07:34:39'),
(308, 2, 64, 307, '1', 'Pek. Plesteran Pada Pelat Lantai Keropos', 'm2', 11.6000, 97486.00, 1130837.60, 11.00, 1255229.74, 0.3150, 'item', '2026-04-18 07:34:39', '2026-04-22 17:54:55'),
(309, 2, 70, 307, '2', 'Pek. Bongkaran plafond', 'm2', 135.7500, 5500.00, 746625.00, 11.00, 828753.75, 0.2080, 'item', '2026-04-18 07:34:39', '2026-04-22 17:54:55'),
(310, 2, 65, 307, '3', 'Pek. Pas. Plafond PVC Putih Polos', 'm2', 135.7500, 255550.00, 34690912.50, 11.00, 38506912.88, 9.6750, 'item', '2026-04-18 07:34:39', '2026-04-22 17:54:55'),
(311, 2, 67, 307, '5', 'Pek. List Plafond PVC Putih', 'm\'', 66.0400, 26853.00, 1773372.12, 11.00, 1968443.05, 0.4950, 'item', '2026-04-18 07:34:39', '2026-04-22 17:54:55'),
(312, 2, 63, 307, '7', 'Pek. Pengecatan Plafond', 'm2', 161.7900, 61335.00, 9923389.65, 11.00, 11014962.51, 2.7680, 'item', '2026-04-18 07:34:39', '2026-04-22 17:54:55'),
(313, 2, 60, 307, '8', 'Pek. Pas. Instalasi titik lampu', 'titik', 8.0000, 449902.00, 3599216.00, 11.00, 3995129.76, 1.0040, 'item', '2026-04-18 07:34:39', '2026-04-22 17:54:55'),
(314, 2, 62, 307, '10', 'Pek. Pasangan lampu TBS/RMI 2 x 8 watt (LED)', 'bh', 8.0000, 668187.00, 5345496.00, 11.00, 5933500.56, 1.4910, 'item', '2026-04-18 07:34:39', '2026-04-22 17:54:55'),
(315, 2, 58, 307, '12', 'Pek. Pas. Saklar ganda ', 'bh', 2.0000, 63699.00, 127398.00, 11.00, 141411.78, 0.0360, 'item', '2026-04-18 07:34:39', '2026-04-22 17:54:55'),
(316, 2, NULL, NULL, 'E', 'GEDUNG KELAS IV (LANTAI 2)', NULL, NULL, NULL, NULL, 11.00, NULL, NULL, 'header', '2026-04-18 07:34:39', '2026-04-18 07:34:39'),
(317, 2, NULL, 316, 'I', 'Lantai 2', NULL, NULL, NULL, NULL, 11.00, NULL, NULL, 'subheader', '2026-04-18 07:34:39', '2026-04-18 08:34:56'),
(318, 2, 70, 317, '1', 'Pek. Bongkaran plafond', 'm2', 414.1800, 5500.00, 2277990.00, 11.00, 2528568.90, 0.6350, 'item', '2026-04-18 07:34:39', '2026-04-22 17:54:55'),
(319, 2, 65, 317, '2', 'Pek. Pas. Plafond PVC Putih Polos', 'm2', 240.9900, 255550.00, 61584994.50, 11.00, 68359343.90, 17.1760, 'item', '2026-04-18 07:34:39', '2026-04-22 17:54:55'),
(320, 2, 66, 317, '3', 'Pek. Pas. Plafond PVC Motif Kayu', 'm2', 173.1900, 277206.00, 48009307.14, 11.00, 53290330.93, 13.3900, 'item', '2026-04-18 07:34:39', '2026-04-22 17:54:55'),
(321, 2, 67, 317, '4', 'Pek. List Plafond PVC Putih', 'm\'', 124.2000, 26853.00, 3335142.60, 11.00, 3702008.29, 0.9300, 'item', '2026-04-18 07:34:39', '2026-04-22 17:54:55'),
(322, 2, 67, 317, '5', 'Pek. List Plafond PVC Coklat', 'm\'', 213.5800, 26853.00, 5735263.74, 11.00, 6366142.75, 1.6000, 'item', '2026-04-18 07:34:39', '2026-04-22 17:54:55'),
(323, 2, 60, 317, '6', 'Pek. Pas. Instalasi titik lampu', 'titik', 39.0000, 449902.00, 17546178.00, 11.00, 19476257.58, 4.8940, 'item', '2026-04-18 07:34:39', '2026-04-22 17:54:55'),
(324, 2, 61, 317, '7', 'Pek. Pas. Lampu 10 watt + downlight', 'bh', 15.0000, 244459.00, 3666885.00, 11.00, 4070242.35, 1.0230, 'item', '2026-04-18 07:34:39', '2026-04-22 17:54:55'),
(325, 2, 62, 317, '8', 'Pek. Pasangan lampu TBS/RMI 2 x 8 watt (LED)', 'bh', 24.0000, 668187.00, 16036488.00, 11.00, 17800501.68, 4.4730, 'item', '2026-04-18 07:34:39', '2026-04-22 17:54:55'),
(326, 2, 58, 317, '10', 'Pek. Pas. Saklar ganda ', 'bh', 4.0000, 63699.00, 254796.00, 11.00, 282823.56, 0.0710, 'item', '2026-04-18 07:34:39', '2026-04-22 17:54:55'),
(327, 2, 59, 317, '11', 'Pek. Pas. Saklar single', 'bh', 2.0000, 46759.00, 93518.00, 11.00, 103804.98, 0.0200, 'item', '2026-04-18 07:34:39', '2026-04-22 17:54:55');

-- --------------------------------------------------------

--
-- Table structure for table `daily_plans`
--

CREATE TABLE `daily_plans` (
  `id` int NOT NULL,
  `project_id` int NOT NULL,
  `tanggal` date NOT NULL,
  `nama_hari` varchar(255) DEFAULT NULL,
  `hari_ke` int DEFAULT NULL,
  `minggu_ke` int DEFAULT NULL,
  `bulan_ke` int DEFAULT NULL,
  `bobot_mingguan` decimal(10,4) DEFAULT NULL,
  `bobot_harian` decimal(10,4) DEFAULT NULL,
  `rencana_kumulatif` decimal(10,4) DEFAULT NULL,
  `createdAt` datetime NOT NULL,
  `updatedAt` datetime NOT NULL,
  `boq_id` int DEFAULT NULL
) ENGINE=InnoDB DEFAULT CHARSET=utf8mb4 COLLATE=utf8mb4_0900_ai_ci;

--
-- Dumping data for table `daily_plans`
--

INSERT INTO `daily_plans` (`id`, `project_id`, `tanggal`, `nama_hari`, `hari_ke`, `minggu_ke`, `bulan_ke`, `bobot_mingguan`, `bobot_harian`, `rencana_kumulatif`, `createdAt`, `updatedAt`, `boq_id`) VALUES
(301, 2, '2026-03-03', 'Selasa', 1, 1, 1, 2.3120, 0.3300, NULL, '2026-04-18 16:02:21', '2026-04-18 16:02:21', NULL),
(302, 2, '2026-03-04', 'Rabu', 2, 1, 1, 2.3120, 0.3300, NULL, '2026-04-18 16:02:21', '2026-04-18 16:02:21', NULL),
(303, 2, '2026-03-05', 'Kamis', 3, 1, 1, 2.3120, 0.3300, NULL, '2026-04-18 16:02:21', '2026-04-18 16:02:21', NULL),
(304, 2, '2026-03-06', 'Jumat', 4, 1, 1, 2.3120, 0.3300, NULL, '2026-04-18 16:02:21', '2026-04-18 16:02:21', NULL),
(305, 2, '2026-03-07', 'Sabtu', 5, 1, 1, 2.3120, 0.3300, NULL, '2026-04-18 16:02:21', '2026-04-18 16:02:21', NULL),
(306, 2, '2026-03-08', 'Minggu', 6, 1, 1, 2.3120, 0.3300, NULL, '2026-04-18 16:02:21', '2026-04-18 16:02:21', NULL),
(307, 2, '2026-03-09', 'Senin', 7, 1, 1, 2.3120, 0.3300, NULL, '2026-04-18 16:02:21', '2026-04-18 16:02:21', NULL),
(308, 2, '2026-03-10', 'Selasa', 8, 2, 1, 6.6310, 0.9500, NULL, '2026-04-18 16:02:21', '2026-04-18 16:02:21', NULL),
(309, 2, '2026-03-11', 'Rabu', 9, 2, 1, 6.6310, 0.9500, NULL, '2026-04-18 16:02:21', '2026-04-18 16:02:21', NULL),
(310, 2, '2026-03-12', 'Kamis', 10, 2, 1, 6.6310, 0.9500, NULL, '2026-04-18 16:02:21', '2026-04-18 16:02:21', NULL),
(311, 2, '2026-03-13', 'Jumat', 11, 2, 1, 6.6310, 0.9500, NULL, '2026-04-18 16:02:21', '2026-04-18 16:02:21', NULL),
(312, 2, '2026-03-14', 'Sabtu', 12, 2, 1, 6.6310, 0.9500, NULL, '2026-04-18 16:02:21', '2026-04-18 16:02:21', NULL),
(313, 2, '2026-03-15', 'Minggu', 13, 2, 1, 6.6310, 0.9500, NULL, '2026-04-18 16:02:21', '2026-04-18 16:02:21', NULL),
(314, 2, '2026-03-16', 'Senin', 14, 2, 1, 6.6310, 0.9500, NULL, '2026-04-18 16:02:21', '2026-04-18 16:02:21', NULL),
(315, 2, '2026-03-17', 'Selasa', 15, 3, 1, 16.4790, 2.3500, NULL, '2026-04-18 16:02:21', '2026-04-18 16:02:21', NULL),
(316, 2, '2026-03-18', 'Rabu', 16, 3, 1, 16.4790, 2.3500, NULL, '2026-04-18 16:02:21', '2026-04-18 16:02:21', NULL),
(317, 2, '2026-03-19', 'Kamis', 17, 3, 1, 16.4790, 2.3500, NULL, '2026-04-18 16:02:21', '2026-04-18 16:02:21', NULL),
(318, 2, '2026-03-20', 'Jumat', 18, 3, 1, 16.4790, 2.3500, NULL, '2026-04-18 16:02:21', '2026-04-18 16:02:21', NULL),
(319, 2, '2026-03-21', 'Sabtu', 19, 3, 1, 16.4790, 2.3500, NULL, '2026-04-18 16:02:21', '2026-04-18 16:02:21', NULL),
(320, 2, '2026-03-22', 'Minggu', 20, 3, 1, 16.4790, 2.3500, NULL, '2026-04-18 16:02:21', '2026-04-18 16:02:21', NULL),
(321, 2, '2026-03-23', 'Senin', 21, 3, 1, 16.4790, 2.3500, NULL, '2026-04-18 16:02:21', '2026-04-18 16:02:21', NULL),
(322, 2, '2026-03-24', 'Selasa', 22, 4, 1, 29.6030, 4.2300, NULL, '2026-04-18 16:02:21', '2026-04-18 16:02:21', NULL),
(323, 2, '2026-03-25', 'Rabu', 23, 4, 1, 29.6030, 4.2300, NULL, '2026-04-18 16:02:21', '2026-04-18 16:02:21', NULL),
(324, 2, '2026-03-26', 'Kamis', 24, 4, 1, 29.6030, 4.2300, NULL, '2026-04-18 16:02:21', '2026-04-18 16:02:21', NULL),
(325, 2, '2026-03-27', 'Jumat', 25, 4, 1, 29.6030, 4.2300, NULL, '2026-04-18 16:02:21', '2026-04-18 16:02:21', NULL),
(326, 2, '2026-03-28', 'Sabtu', 26, 4, 1, 29.6030, 4.2300, NULL, '2026-04-18 16:02:21', '2026-04-18 16:02:21', NULL),
(327, 2, '2026-03-29', 'Minggu', 27, 4, 1, 29.6030, 4.2300, NULL, '2026-04-18 16:02:21', '2026-04-18 16:02:21', NULL),
(328, 2, '2026-03-30', 'Senin', 28, 4, 1, 29.6030, 4.2300, NULL, '2026-04-18 16:02:21', '2026-04-18 16:02:21', NULL),
(329, 2, '2026-03-31', 'Selasa', 29, 5, 2, 17.7910, 2.5400, NULL, '2026-04-18 16:02:21', '2026-04-18 16:02:21', NULL),
(330, 2, '2026-04-01', 'Rabu', 30, 5, 2, 17.7910, 2.5400, NULL, '2026-04-18 16:02:21', '2026-04-18 16:02:21', NULL),
(331, 2, '2026-04-02', 'Kamis', 31, 5, 2, 17.7910, 2.5400, NULL, '2026-04-18 16:02:21', '2026-04-18 16:02:21', NULL),
(332, 2, '2026-04-03', 'Jumat', 32, 5, 2, 17.7910, 2.5400, NULL, '2026-04-18 16:02:21', '2026-04-18 16:02:21', NULL),
(333, 2, '2026-04-04', 'Sabtu', 33, 5, 2, 17.7910, 2.5400, NULL, '2026-04-18 16:02:21', '2026-04-18 16:02:21', NULL),
(334, 2, '2026-04-05', 'Minggu', 34, 5, 2, 17.7910, 2.5400, NULL, '2026-04-18 16:02:21', '2026-04-18 16:02:21', NULL),
(335, 2, '2026-04-06', 'Senin', 35, 5, 2, 17.7910, 2.5400, NULL, '2026-04-18 16:02:21', '2026-04-18 16:02:21', NULL),
(336, 2, '2026-04-07', 'Selasa', 36, 6, 2, 10.9100, 1.5600, NULL, '2026-04-18 16:02:21', '2026-04-18 16:02:21', NULL),
(337, 2, '2026-04-08', 'Rabu', 37, 6, 2, 10.9100, 1.5600, NULL, '2026-04-18 16:02:21', '2026-04-18 16:02:21', NULL),
(338, 2, '2026-04-09', 'Kamis', 38, 6, 2, 10.9100, 1.5600, NULL, '2026-04-18 16:02:21', '2026-04-18 16:02:21', NULL),
(339, 2, '2026-04-10', 'Jumat', 39, 6, 2, 10.9100, 1.5600, NULL, '2026-04-18 16:02:21', '2026-04-18 16:02:21', NULL),
(340, 2, '2026-04-11', 'Sabtu', 40, 6, 2, 10.9100, 1.5600, NULL, '2026-04-18 16:02:21', '2026-04-18 16:02:21', NULL),
(341, 2, '2026-04-12', 'Minggu', 41, 6, 2, 10.9100, 1.5600, NULL, '2026-04-18 16:02:21', '2026-04-18 16:02:21', NULL),
(342, 2, '2026-04-13', 'Senin', 42, 6, 2, 10.9100, 1.5600, NULL, '2026-04-18 16:02:21', '2026-04-18 16:02:21', NULL),
(343, 2, '2026-04-14', 'Selasa', 43, 7, 2, 10.8100, 1.5400, NULL, '2026-04-18 16:02:21', '2026-04-18 16:02:21', NULL),
(344, 2, '2026-04-15', 'Rabu', 44, 7, 2, 10.8100, 1.5400, NULL, '2026-04-18 16:02:21', '2026-04-18 16:02:21', NULL),
(345, 2, '2026-04-16', 'Kamis', 45, 7, 2, 10.8100, 1.5400, NULL, '2026-04-18 16:02:21', '2026-04-18 16:02:21', NULL),
(346, 2, '2026-04-17', 'Jumat', 46, 7, 2, 10.8100, 1.5400, NULL, '2026-04-18 16:02:21', '2026-04-18 16:02:21', NULL),
(347, 2, '2026-04-18', 'Sabtu', 47, 7, 2, 10.8100, 1.5400, NULL, '2026-04-18 16:02:21', '2026-04-18 16:02:21', NULL),
(348, 2, '2026-04-19', 'Minggu', 48, 7, 2, 10.8100, 1.5400, NULL, '2026-04-18 16:02:21', '2026-04-18 16:02:21', NULL),
(349, 2, '2026-04-20', 'Senin', 49, 7, 2, 10.8100, 1.5400, NULL, '2026-04-18 16:02:21', '2026-04-18 16:02:21', NULL),
(350, 2, '2026-04-21', 'Selasa', 50, 8, 3, 4.2740, 0.6100, NULL, '2026-04-18 16:02:21', '2026-04-18 16:02:21', NULL),
(351, 2, '2026-04-22', 'Rabu', 51, 8, 3, 4.2740, 0.6100, NULL, '2026-04-18 16:02:21', '2026-04-18 16:02:21', NULL),
(352, 2, '2026-04-23', 'Kamis', 52, 8, 3, 4.2740, 0.6100, NULL, '2026-04-18 16:02:21', '2026-04-18 16:02:21', NULL),
(353, 2, '2026-04-24', 'Jumat', 53, 8, 3, 4.2740, 0.6100, NULL, '2026-04-18 16:02:21', '2026-04-18 16:02:21', NULL),
(354, 2, '2026-04-25', 'Sabtu', 54, 8, 3, 4.2740, 0.6100, NULL, '2026-04-18 16:02:21', '2026-04-18 16:02:21', NULL),
(355, 2, '2026-04-26', 'Minggu', 55, 8, 3, 4.2740, 0.6100, NULL, '2026-04-18 16:02:21', '2026-04-18 16:02:21', NULL),
(356, 2, '2026-04-27', 'Senin', 56, 8, 3, 4.2740, 0.6100, NULL, '2026-04-18 16:02:21', '2026-04-18 16:02:21', NULL),
(357, 2, '2026-04-28', 'Selasa', 57, 9, 3, 1.1900, 0.3000, NULL, '2026-04-18 16:02:21', '2026-04-18 16:02:21', NULL),
(358, 2, '2026-04-29', 'Rabu', 58, 9, 3, 1.1900, 0.3000, NULL, '2026-04-18 16:02:21', '2026-04-18 16:02:21', NULL),
(359, 2, '2026-04-30', 'Kamis', 59, 9, 3, 1.1900, 0.3000, NULL, '2026-04-18 16:02:21', '2026-04-18 16:02:21', NULL),
(360, 2, '2026-05-01', 'Jumat', 60, 9, 3, 1.1900, 0.3000, NULL, '2026-04-18 16:02:21', '2026-04-18 16:02:21', NULL);

-- --------------------------------------------------------

--
-- Table structure for table `daily_progress`
--

CREATE TABLE `daily_progress` (
  `id` int NOT NULL,
  `project_id` int NOT NULL,
  `boq_id` int NOT NULL,
  `tanggal` date NOT NULL,
  `volume` float DEFAULT NULL,
  `cuaca` varchar(255) DEFAULT NULL,
  `jam_mulai` time DEFAULT NULL,
  `jam_selesai` time DEFAULT NULL,
  `createdAt` datetime NOT NULL,
  `updatedAt` datetime NOT NULL
) ENGINE=InnoDB DEFAULT CHARSET=utf8mb4 COLLATE=utf8mb4_0900_ai_ci;

--
-- Dumping data for table `daily_progress`
--

INSERT INTO `daily_progress` (`id`, `project_id`, `boq_id`, `tanggal`, `volume`, `cuaca`, `jam_mulai`, `jam_selesai`, `createdAt`, `updatedAt`) VALUES
(8, 2, 272, '2026-03-03', 5, 'Cerah', '08:00:00', '16:00:00', '2026-04-18 16:08:00', '2026-04-18 16:08:00'),
(9, 2, 273, '2026-03-03', 1, 'Cerah', '08:00:00', '16:00:00', '2026-04-18 16:08:24', '2026-04-18 16:08:24'),
(10, 2, 274, '2026-03-03', 5, 'Cerah', '08:00:00', '16:00:00', '2026-04-18 16:08:40', '2026-04-18 16:08:40'),
(11, 2, 275, '2026-03-03', 5, 'Cerah', '08:00:00', '16:00:00', '2026-04-18 16:08:52', '2026-04-18 16:08:52'),
(13, 2, 295, '2026-03-03', 14.013, 'Cerah', '08:00:00', '16:00:00', '2026-04-18 16:42:44', '2026-04-18 16:42:44'),
(14, 2, 312, '2026-03-03', 21.506, 'Cerah', '08:00:00', '16:00:00', '2026-04-18 16:43:21', '2026-04-18 16:43:21'),
(18, 2, 287, '2026-03-04', 21.809, 'Cerah', '07:00:00', '17:00:00', '2026-04-19 03:36:11', '2026-04-19 03:36:11'),
(19, 2, 295, '2026-03-04', 14.013, 'Cerah', '07:00:00', '17:00:00', '2026-04-19 03:36:46', '2026-04-19 03:36:46'),
(21, 2, 287, '2026-03-05', 21.809, 'Cerah', '07:00:00', '17:00:00', '2026-04-19 03:37:44', '2026-04-19 03:37:44'),
(22, 2, 295, '2026-03-05', 14.013, 'Cerah', '07:00:00', '17:00:00', '2026-04-19 03:38:32', '2026-04-19 03:38:32'),
(23, 2, 312, '2026-03-05', 21.506, 'Cerah', '07:00:00', '17:00:00', '2026-04-19 03:38:44', '2026-04-19 03:38:44'),
(24, 2, 287, '2026-03-06', 21.809, 'Cerah', '07:00:00', '17:00:00', '2026-04-19 03:39:07', '2026-04-19 03:39:07'),
(25, 2, 295, '2026-03-06', 14.013, 'Cerah', '07:00:00', '17:00:00', '2026-04-19 03:39:18', '2026-04-19 03:39:18'),
(26, 2, 312, '2026-03-06', 21.506, 'Cerah', '07:00:00', '17:00:00', '2026-04-19 03:39:28', '2026-04-19 03:39:28'),
(27, 2, 287, '2026-03-07', 21.809, 'Cerah', '07:00:00', '17:00:00', '2026-04-19 03:39:59', '2026-04-19 03:39:59'),
(28, 2, 295, '2026-03-07', 14.013, 'Cerah', '07:00:00', '17:00:00', '2026-04-19 03:40:11', '2026-04-19 03:40:11'),
(29, 2, 312, '2026-03-07', 21.506, 'Cerah', '07:00:00', '17:00:00', '2026-04-19 03:40:29', '2026-04-19 03:40:29'),
(30, 2, 287, '2026-03-08', 21.809, 'Cerah', '07:00:00', '17:00:00', '2026-04-19 03:40:48', '2026-04-19 03:40:48'),
(31, 2, 295, '2026-03-08', 14.013, 'Cerah', '07:00:00', '17:00:00', '2026-04-19 03:40:58', '2026-04-19 03:40:58'),
(33, 2, 312, '2026-03-04', 21.506, 'Cerah', '08:00:00', '16:00:00', '2026-04-19 03:43:20', '2026-04-19 03:43:20'),
(34, 2, 312, '2026-03-08', 21.506, 'Cerah', '07:00:00', '17:00:00', '2026-04-19 03:43:39', '2026-04-19 03:43:39'),
(36, 2, 295, '2026-03-09', 14.012, 'Cerah', '07:00:00', '17:00:00', '2026-04-19 03:45:13', '2026-04-19 03:45:13'),
(37, 2, 287, '2026-03-09', 21.806, 'Cerah', '07:00:00', '17:00:00', '2026-04-19 03:47:58', '2026-04-19 03:48:36'),
(38, 2, 312, '2026-03-09', 21.506, 'Cerah', '07:00:00', '17:00:00', '2026-04-19 03:49:32', '2026-04-19 05:35:21'),
(39, 2, 284, '2026-03-10', 1.481, 'Cerah', '07:00:00', '17:00:00', '2026-04-19 04:02:17', '2026-04-19 04:02:17'),
(40, 2, 285, '2026-03-10', 1.333, 'Cerah', '07:00:00', '17:00:00', '2026-04-19 04:06:57', '2026-04-19 04:06:57'),
(41, 2, 292, '2026-03-10', 1.027, 'Cerah', '07:00:00', '17:00:00', '2026-04-19 04:08:24', '2026-04-19 04:08:24'),
(42, 2, 293, '2026-03-10', 0.925, 'Cerah', '07:00:00', '17:00:00', '2026-04-19 04:09:23', '2026-04-19 04:09:23'),
(43, 2, 297, '2026-03-10', 0.057, 'Cerah', '07:00:00', '17:00:00', '2026-04-19 04:10:17', '2026-04-19 04:10:17'),
(45, 2, 309, '2026-03-10', 0.485, 'Cerah', '07:00:00', '17:00:00', '2026-04-19 04:13:57', '2026-04-19 04:13:57'),
(46, 2, 310, '2026-03-10', 0.388, 'Cerah', '07:00:00', '17:00:00', '2026-04-19 04:15:30', '2026-04-19 04:15:30'),
(47, 2, 318, '2026-03-10', 2.958, 'Cerah', '07:00:00', '17:00:00', '2026-04-19 04:17:14', '2026-04-19 04:17:58'),
(48, 2, 319, '2026-03-10', 1.549, 'Cerah', '07:00:00', '17:00:00', '2026-04-19 04:18:48', '2026-04-19 04:18:48'),
(49, 2, 320, '2026-03-10', 0.742, 'Cerah', '07:00:00', '17:00:00', '2026-04-19 04:19:36', '2026-04-19 04:19:36'),
(50, 2, 323, '2026-03-10', 0.107, 'Cerah', '07:00:00', '17:00:00', '2026-04-19 04:20:31', '2026-04-19 04:20:31'),
(51, 2, 284, '2026-03-11', 1.481, 'Cerah', '07:00:00', '17:00:00', '2026-04-19 04:32:23', '2026-04-19 04:32:23'),
(52, 2, 285, '2026-03-11', 1.333, 'Cerah', '07:00:00', '17:00:00', '2026-04-19 04:32:34', '2026-04-19 04:32:34'),
(53, 2, 292, '2026-03-11', 1.027, 'Cerah', '07:00:00', '17:00:00', '2026-04-19 04:32:45', '2026-04-19 04:32:45'),
(54, 2, 293, '2026-03-11', 0.925, 'Cerah', '07:00:00', '17:00:00', '2026-04-19 04:32:56', '2026-04-19 04:32:56'),
(55, 2, 297, '2026-03-11', 0.057, 'Cerah', '07:00:00', '17:00:00', '2026-04-19 04:33:09', '2026-04-19 04:33:09'),
(56, 2, 308, '2026-03-11', 0.083, 'Cerah', '07:00:00', '17:00:00', '2026-04-19 04:33:24', '2026-04-19 04:33:24'),
(57, 2, 309, '2026-03-11', 0.485, 'Cerah', '07:00:00', '17:00:00', '2026-04-19 04:33:50', '2026-04-19 04:33:50'),
(58, 2, 310, '2026-03-11', 0.388, 'Cerah', '07:00:00', '17:00:00', '2026-04-19 04:34:05', '2026-04-19 04:34:05'),
(59, 2, 318, '2026-03-11', 2.958, 'Cerah', '07:00:00', '17:00:00', '2026-04-19 04:34:20', '2026-04-19 04:34:20'),
(60, 2, 319, '2026-03-11', 1.549, 'Cerah', '07:00:00', '17:00:00', '2026-04-19 04:34:41', '2026-04-19 04:34:41'),
(61, 2, 320, '2026-03-11', 0.742, 'Cerah', '07:00:00', '17:00:00', '2026-04-19 04:34:57', '2026-04-19 04:34:57'),
(62, 2, 323, '2026-03-11', 0.107, 'Cerah', '07:00:00', '17:00:00', '2026-04-19 04:35:12', '2026-04-19 04:35:12'),
(63, 2, 308, '2026-03-10', 0.083, 'Cerah', '07:00:00', '17:00:00', '2026-04-19 04:46:46', '2026-04-19 04:46:46'),
(64, 2, 284, '2026-03-12', 1.481, 'Cerah', '07:00:00', '17:00:00', '2026-04-19 04:49:21', '2026-04-19 04:49:21'),
(65, 2, 285, '2026-03-12', 1.333, 'Cerah', '07:00:00', '17:00:00', '2026-04-19 04:49:30', '2026-04-19 04:49:30'),
(66, 2, 292, '2026-03-12', 1.027, 'Cerah', '07:00:00', '17:00:00', '2026-04-19 04:49:39', '2026-04-19 04:49:39'),
(67, 2, 293, '2026-03-12', 0.925, 'Cerah', '07:00:00', '17:00:00', '2026-04-19 04:49:49', '2026-04-19 04:49:49'),
(68, 2, 297, '2026-03-12', 0.057, 'Cerah', '07:00:00', '17:00:00', '2026-04-19 04:50:01', '2026-04-19 04:50:01'),
(69, 2, 308, '2026-03-12', 0.083, 'Cerah', '07:00:00', '17:00:00', '2026-04-19 04:50:15', '2026-04-19 04:50:15'),
(70, 2, 309, '2026-03-12', 0.485, 'Cerah', '07:00:00', '17:00:00', '2026-04-19 04:50:27', '2026-04-19 04:50:27'),
(71, 2, 310, '2026-03-12', 0.388, 'Cerah', '07:00:00', '17:00:00', '2026-04-19 04:50:41', '2026-04-19 04:50:41'),
(72, 2, 318, '2026-03-12', 2.958, 'Cerah', '07:00:00', '17:00:00', '2026-04-19 04:50:55', '2026-04-19 04:50:55'),
(73, 2, 319, '2026-03-12', 1.549, 'Cerah', '07:00:00', '17:00:00', '2026-04-19 04:51:12', '2026-04-19 04:51:12'),
(74, 2, 320, '2026-03-12', 0.742, 'Cerah', '07:00:00', '17:00:00', '2026-04-19 04:51:29', '2026-04-19 04:51:29'),
(75, 2, 323, '2026-03-12', 0.107, 'Cerah', '07:00:00', '17:00:00', '2026-04-19 04:51:51', '2026-04-19 04:51:51'),
(76, 2, 284, '2026-03-13', 1.481, 'Cerah', '07:00:00', '17:00:00', '2026-04-19 04:53:12', '2026-04-19 04:53:12'),
(77, 2, 285, '2026-03-13', 1.333, 'Cerah', '07:00:00', '17:00:00', '2026-04-19 04:53:25', '2026-04-19 04:53:25'),
(78, 2, 292, '2026-03-13', 1.027, 'Cerah', '07:00:00', '17:00:00', '2026-04-19 04:53:35', '2026-04-19 04:53:35'),
(79, 2, 293, '2026-03-13', 0.925, 'Cerah', '07:00:00', '17:00:00', '2026-04-19 04:53:45', '2026-04-19 04:53:45'),
(80, 2, 297, '2026-03-13', 0.057, 'Cerah', '07:00:00', '17:00:00', '2026-04-19 04:53:57', '2026-04-19 04:53:57'),
(81, 2, 308, '2026-03-13', 0.083, 'Cerah', '07:00:00', '17:00:00', '2026-04-19 04:54:26', '2026-04-19 04:54:26'),
(82, 2, 309, '2026-03-13', 0.485, 'Cerah', '07:00:00', '17:00:00', '2026-04-19 04:54:55', '2026-04-19 04:54:55'),
(83, 2, 310, '2026-03-13', 0.388, 'Cerah', '07:00:00', '17:00:00', '2026-04-19 04:55:09', '2026-04-19 04:55:09'),
(84, 2, 318, '2026-03-13', 2.958, 'Cerah', '07:00:00', '17:00:00', '2026-04-19 05:37:19', '2026-04-19 05:37:19'),
(85, 2, 319, '2026-03-13', 1.549, 'Cerah', '07:00:00', '17:00:00', '2026-04-19 05:37:51', '2026-04-19 05:37:51'),
(86, 2, 320, '2026-03-13', 0.742, 'Cerah', '07:00:00', '17:00:00', '2026-04-19 05:38:04', '2026-04-19 05:38:04'),
(87, 2, 323, '2026-03-13', 0.107, 'Cerah', '07:00:00', '17:00:00', '2026-04-19 05:38:18', '2026-04-19 05:38:18'),
(88, 2, 284, '2026-03-14', 1.481, 'Cerah', '07:00:00', '17:00:00', '2026-04-19 05:38:56', '2026-04-19 05:38:56'),
(89, 2, 285, '2026-03-14', 1.333, 'Cerah', '07:00:00', '17:00:00', '2026-04-19 05:39:05', '2026-04-19 05:43:18'),
(90, 2, 292, '2026-03-14', 1.027, 'Cerah', '07:00:00', '17:00:00', '2026-04-19 05:39:13', '2026-04-19 05:39:13'),
(91, 2, 293, '2026-03-14', 0.925, 'Cerah', '07:00:00', '17:00:00', '2026-04-19 05:39:32', '2026-04-19 05:39:32'),
(92, 2, 297, '2026-03-14', 0.057, 'Cerah', '07:00:00', '17:00:00', '2026-04-19 05:39:43', '2026-04-19 05:39:43'),
(93, 2, 308, '2026-03-14', 0.083, 'Cerah', '07:00:00', '17:00:00', '2026-04-19 05:39:57', '2026-04-19 05:39:57'),
(94, 2, 309, '2026-03-14', 0.485, 'Cerah', '07:00:00', '17:00:00', '2026-04-19 05:40:25', '2026-04-19 05:40:25'),
(95, 2, 310, '2026-03-14', 0.388, 'Cerah', '07:00:00', '17:00:00', '2026-04-19 05:40:40', '2026-04-19 05:40:40'),
(96, 2, 318, '2026-03-14', 2.958, 'Cerah', '07:00:00', '17:00:00', '2026-04-19 05:41:02', '2026-04-19 05:41:02'),
(97, 2, 319, '2026-03-14', 1.549, 'Cerah', '07:00:00', '17:00:00', '2026-04-19 05:41:26', '2026-04-19 05:41:26'),
(98, 2, 320, '2026-03-14', 0.742, 'Cerah', '07:00:00', '17:00:00', '2026-04-19 05:41:41', '2026-04-19 05:41:41'),
(99, 2, 323, '2026-03-14', 0.107, 'Cerah', '07:00:00', '17:00:00', '2026-04-19 05:41:54', '2026-04-19 05:41:54'),
(100, 2, 284, '2026-03-15', 1.481, 'Cerah', '07:00:00', '17:00:00', '2026-04-19 05:44:19', '2026-04-19 05:44:19'),
(101, 2, 285, '2026-03-15', 1.333, 'Cerah', '07:00:00', '17:00:00', '2026-04-19 05:44:29', '2026-04-19 05:44:29'),
(102, 2, 292, '2026-03-15', 1.027, 'Cerah', '07:00:00', '17:00:00', '2026-04-19 05:44:40', '2026-04-19 05:44:40'),
(103, 2, 293, '2026-03-15', 0.925, 'Cerah', '07:00:00', '17:00:00', '2026-04-19 05:44:52', '2026-04-19 05:44:52'),
(104, 2, 297, '2026-03-15', 0.057, 'Cerah', '07:00:00', '17:00:00', '2026-04-19 05:45:05', '2026-04-19 05:45:05'),
(105, 2, 308, '2026-03-15', 0.083, 'Cerah', '07:00:00', '17:00:00', '2026-04-19 05:45:18', '2026-04-19 05:45:18'),
(106, 2, 309, '2026-03-15', 0.485, 'Cerah', '07:00:00', '17:00:00', '2026-04-19 05:46:05', '2026-04-19 05:46:05'),
(107, 2, 310, '2026-03-15', 0.388, 'Cerah', '07:00:00', '17:00:00', '2026-04-19 05:46:24', '2026-04-19 05:46:24'),
(108, 2, 318, '2026-03-15', 2.958, 'Cerah', '07:00:00', '17:00:00', '2026-04-19 05:46:43', '2026-04-19 05:46:43'),
(109, 2, 319, '2026-03-15', 1.549, 'Cerah', '07:00:00', '17:00:00', '2026-04-19 05:47:01', '2026-04-19 05:47:01'),
(110, 2, 320, '2026-03-15', 0.742, 'Cerah', '07:00:00', '17:00:00', '2026-04-19 05:47:11', '2026-04-19 05:47:11'),
(111, 2, 323, '2026-03-15', 0.107, 'Cerah', '07:00:00', '17:00:00', '2026-04-19 05:47:22', '2026-04-19 05:47:22'),
(112, 2, 284, '2026-03-16', 1.481, 'Cerah', '07:00:00', '17:00:00', '2026-04-19 05:47:44', '2026-04-19 05:47:44'),
(113, 2, 285, '2026-03-16', 1.333, 'Cerah', '07:00:00', '17:00:00', '2026-04-19 05:47:51', '2026-04-19 05:47:51'),
(114, 2, 292, '2026-03-16', 1.027, 'Cerah', '07:00:00', '17:00:00', '2026-04-19 05:48:00', '2026-04-19 05:48:00'),
(115, 2, 293, '2026-03-16', 0.925, 'Cerah', '07:00:00', '17:00:00', '2026-04-19 05:48:14', '2026-04-19 05:48:14'),
(116, 2, 297, '2026-03-16', 0.057, 'Cerah', '07:00:00', '17:00:00', '2026-04-19 05:48:57', '2026-04-19 05:48:57'),
(117, 2, 308, '2026-03-16', 0.083, 'Cerah', '07:00:00', '17:00:00', '2026-04-19 05:49:11', '2026-04-19 05:49:11'),
(118, 2, 309, '2026-03-16', 0.485, 'Cerah', '07:00:00', '17:00:00', '2026-04-19 05:49:27', '2026-04-19 05:49:27'),
(119, 2, 310, '2026-03-16', 0.388, 'Cerah', '07:00:00', '17:00:00', '2026-04-19 05:49:41', '2026-04-19 05:49:41'),
(120, 2, 318, '2026-03-16', 2.958, 'Cerah', '07:00:00', '17:00:00', '2026-04-19 05:49:56', '2026-04-19 05:49:56'),
(121, 2, 319, '2026-03-16', 1.549, 'Cerah', '07:00:00', '17:00:00', '2026-04-19 05:50:08', '2026-04-19 05:50:08'),
(122, 2, 320, '2026-03-16', 0.742, 'Cerah', '07:00:00', '17:00:00', '2026-04-19 05:50:22', '2026-04-19 05:50:22'),
(123, 2, 323, '2026-03-16', 0.107, 'Cerah', '07:00:00', '17:00:00', '2026-04-19 05:50:36', '2026-04-19 05:50:36'),
(126, 2, 287, '2026-03-03', 21.809, 'Cerah', '08:00:00', '16:00:00', '2026-04-22 17:55:49', '2026-04-22 17:55:49'),
(127, 2, 292, '2026-03-03', 21.809, 'Cerah', '08:00:00', '16:00:00', '2026-04-22 18:18:18', '2026-04-22 18:18:18');

-- --------------------------------------------------------

--
-- Table structure for table `daily_progress_items`
--

CREATE TABLE `daily_progress_items` (
  `id` int NOT NULL,
  `daily_progress_id` int NOT NULL,
  `item_id` int NOT NULL,
  `nama` varchar(255) DEFAULT NULL,
  `tipe` varchar(255) DEFAULT NULL,
  `satuan` varchar(255) DEFAULT NULL,
  `koef` float DEFAULT NULL,
  `volume` float DEFAULT NULL,
  `hasil` float DEFAULT NULL,
  `createdAt` datetime NOT NULL,
  `updatedAt` datetime NOT NULL
) ENGINE=InnoDB DEFAULT CHARSET=utf8mb4 COLLATE=utf8mb4_0900_ai_ci;

--
-- Dumping data for table `daily_progress_items`
--

INSERT INTO `daily_progress_items` (`id`, `daily_progress_id`, `item_id`, `nama`, `tipe`, `satuan`, `koef`, `volume`, `hasil`, `createdAt`, `updatedAt`) VALUES
(41, 8, 232, 'Topi Pelindung (Safety Helmet)', 'BAHAN', 'bh', 1, 5, 5, '2026-04-18 16:08:00', '2026-04-18 16:08:00'),
(42, 9, 233, 'Pelindung pernafasan dan mulut (Masker)', 'BAHAN', 'Kotak', 1, 1, 1, '2026-04-18 16:08:24', '2026-04-18 16:08:24'),
(43, 10, 234, 'Sepatu keselamatan (Rubber safety shoes and toe cap)', 'BAHAN', 'psg', 1, 5, 5, '2026-04-18 16:08:40', '2026-04-18 16:08:40'),
(44, 11, 235, 'Rompi keselamatan (safety vest)', 'BAHAN', 'bh', 1, 5, 5, '2026-04-18 16:08:52', '2026-04-18 16:08:52'),
(51, 13, 143, 'Pekerja', 'TENAGA', 'Org/Hari', 0.0667, 14.013, 0.934667, '2026-04-18 16:42:44', '2026-04-18 16:42:44'),
(52, 13, 136, 'Tukang cat/pelitur', 'TENAGA', 'OH', 0.0667, 14.013, 0.934667, '2026-04-18 16:42:44', '2026-04-18 16:42:44'),
(53, 13, 121, 'Kepala tukang', 'TENAGA', 'OH', 0.0067, 14.013, 0.093887, '2026-04-18 16:42:44', '2026-04-18 16:42:44'),
(54, 13, 117, 'Mandor', 'TENAGA', 'OH', 0.0022, 14.013, 0.030829, '2026-04-18 16:42:44', '2026-04-18 16:42:44'),
(55, 13, 212, 'Alkali killer sealer nippon paint', 'BAHAN', 'kg', 0.1, 14.013, 1.4013, '2026-04-18 16:42:44', '2026-04-18 16:42:44'),
(56, 13, 213, 'Cat Tembok Spotless plus warna standar (cat anti noda dan anti virus) nippon paint', 'BAHAN', 'kg', 0.26, 14.013, 3.64338, '2026-04-18 16:42:44', '2026-04-18 16:42:44'),
(57, 14, 143, 'Pekerja', 'TENAGA', 'Org/Hari', 0.0667, 21.506, 1.43445, '2026-04-18 16:43:21', '2026-04-18 16:43:21'),
(58, 14, 136, 'Tukang cat/pelitur', 'TENAGA', 'OH', 0.0667, 21.506, 1.43445, '2026-04-18 16:43:21', '2026-04-18 16:43:21'),
(59, 14, 121, 'Kepala tukang', 'TENAGA', 'OH', 0.0067, 21.506, 0.14409, '2026-04-18 16:43:21', '2026-04-18 16:43:21'),
(60, 14, 117, 'Mandor', 'TENAGA', 'OH', 0.0022, 21.506, 0.047313, '2026-04-18 16:43:21', '2026-04-18 16:43:21'),
(61, 14, 212, 'Alkali killer sealer nippon paint', 'BAHAN', 'kg', 0.1, 21.506, 2.1506, '2026-04-18 16:43:21', '2026-04-18 16:43:21'),
(62, 14, 213, 'Cat Tembok Spotless plus warna standar (cat anti noda dan anti virus) nippon paint', 'BAHAN', 'kg', 0.26, 21.506, 5.59156, '2026-04-18 16:43:21', '2026-04-18 16:43:21'),
(81, 18, 143, 'Pekerja', 'TENAGA', 'Org/Hari', 0.0667, 21.809, 1.45466, '2026-04-19 03:36:11', '2026-04-19 03:36:11'),
(82, 18, 136, 'Tukang cat/pelitur', 'TENAGA', 'OH', 0.0667, 21.809, 1.45466, '2026-04-19 03:36:11', '2026-04-19 03:36:11'),
(83, 18, 121, 'Kepala tukang', 'TENAGA', 'OH', 0.0067, 21.809, 0.14612, '2026-04-19 03:36:11', '2026-04-19 03:36:11'),
(84, 18, 117, 'Mandor', 'TENAGA', 'OH', 0.0022, 21.809, 0.04798, '2026-04-19 03:36:11', '2026-04-19 03:36:11'),
(85, 18, 212, 'Alkali killer sealer nippon paint', 'BAHAN', 'kg', 0.1, 21.809, 2.1809, '2026-04-19 03:36:11', '2026-04-19 03:36:11'),
(86, 18, 213, 'Cat Tembok Spotless plus warna standar (cat anti noda dan anti virus) nippon paint', 'BAHAN', 'kg', 0.26, 21.809, 5.67034, '2026-04-19 03:36:11', '2026-04-19 03:36:11'),
(87, 19, 143, 'Pekerja', 'TENAGA', 'Org/Hari', 0.0667, 14.013, 0.934667, '2026-04-19 03:36:46', '2026-04-19 03:36:46'),
(88, 19, 136, 'Tukang cat/pelitur', 'TENAGA', 'OH', 0.0667, 14.013, 0.934667, '2026-04-19 03:36:46', '2026-04-19 03:36:46'),
(89, 19, 121, 'Kepala tukang', 'TENAGA', 'OH', 0.0067, 14.013, 0.093887, '2026-04-19 03:36:46', '2026-04-19 03:36:46'),
(90, 19, 117, 'Mandor', 'TENAGA', 'OH', 0.0022, 14.013, 0.030829, '2026-04-19 03:36:46', '2026-04-19 03:36:46'),
(91, 19, 212, 'Alkali killer sealer nippon paint', 'BAHAN', 'kg', 0.1, 14.013, 1.4013, '2026-04-19 03:36:46', '2026-04-19 03:36:46'),
(92, 19, 213, 'Cat Tembok Spotless plus warna standar (cat anti noda dan anti virus) nippon paint', 'BAHAN', 'kg', 0.26, 14.013, 3.64338, '2026-04-19 03:36:46', '2026-04-19 03:36:46'),
(99, 21, 143, 'Pekerja', 'TENAGA', 'Org/Hari', 0.0667, 21.809, 1.45466, '2026-04-19 03:37:44', '2026-04-19 03:37:44'),
(100, 21, 136, 'Tukang cat/pelitur', 'TENAGA', 'OH', 0.0667, 21.809, 1.45466, '2026-04-19 03:37:44', '2026-04-19 03:37:44'),
(101, 21, 121, 'Kepala tukang', 'TENAGA', 'OH', 0.0067, 21.809, 0.14612, '2026-04-19 03:37:44', '2026-04-19 03:37:44'),
(102, 21, 117, 'Mandor', 'TENAGA', 'OH', 0.0022, 21.809, 0.04798, '2026-04-19 03:37:44', '2026-04-19 03:37:44'),
(103, 21, 212, 'Alkali killer sealer nippon paint', 'BAHAN', 'kg', 0.1, 21.809, 2.1809, '2026-04-19 03:37:44', '2026-04-19 03:37:44'),
(104, 21, 213, 'Cat Tembok Spotless plus warna standar (cat anti noda dan anti virus) nippon paint', 'BAHAN', 'kg', 0.26, 21.809, 5.67034, '2026-04-19 03:37:44', '2026-04-19 03:37:44'),
(105, 22, 143, 'Pekerja', 'TENAGA', 'Org/Hari', 0.0667, 14.013, 0.934667, '2026-04-19 03:38:32', '2026-04-19 03:38:32'),
(106, 22, 136, 'Tukang cat/pelitur', 'TENAGA', 'OH', 0.0667, 14.013, 0.934667, '2026-04-19 03:38:32', '2026-04-19 03:38:32'),
(107, 22, 121, 'Kepala tukang', 'TENAGA', 'OH', 0.0067, 14.013, 0.093887, '2026-04-19 03:38:32', '2026-04-19 03:38:32'),
(108, 22, 117, 'Mandor', 'TENAGA', 'OH', 0.0022, 14.013, 0.030829, '2026-04-19 03:38:32', '2026-04-19 03:38:32'),
(109, 22, 212, 'Alkali killer sealer nippon paint', 'BAHAN', 'kg', 0.1, 14.013, 1.4013, '2026-04-19 03:38:32', '2026-04-19 03:38:32'),
(110, 22, 213, 'Cat Tembok Spotless plus warna standar (cat anti noda dan anti virus) nippon paint', 'BAHAN', 'kg', 0.26, 14.013, 3.64338, '2026-04-19 03:38:32', '2026-04-19 03:38:32'),
(111, 23, 143, 'Pekerja', 'TENAGA', 'Org/Hari', 0.0667, 21.506, 1.43445, '2026-04-19 03:38:44', '2026-04-19 03:38:44'),
(112, 23, 136, 'Tukang cat/pelitur', 'TENAGA', 'OH', 0.0667, 21.506, 1.43445, '2026-04-19 03:38:44', '2026-04-19 03:38:44'),
(113, 23, 121, 'Kepala tukang', 'TENAGA', 'OH', 0.0067, 21.506, 0.14409, '2026-04-19 03:38:44', '2026-04-19 03:38:44'),
(114, 23, 117, 'Mandor', 'TENAGA', 'OH', 0.0022, 21.506, 0.047313, '2026-04-19 03:38:44', '2026-04-19 03:38:44'),
(115, 23, 212, 'Alkali killer sealer nippon paint', 'BAHAN', 'kg', 0.1, 21.506, 2.1506, '2026-04-19 03:38:44', '2026-04-19 03:38:44'),
(116, 23, 213, 'Cat Tembok Spotless plus warna standar (cat anti noda dan anti virus) nippon paint', 'BAHAN', 'kg', 0.26, 21.506, 5.59156, '2026-04-19 03:38:44', '2026-04-19 03:38:44'),
(117, 24, 143, 'Pekerja', 'TENAGA', 'Org/Hari', 0.0667, 21.809, 1.45466, '2026-04-19 03:39:07', '2026-04-19 03:39:07'),
(118, 24, 136, 'Tukang cat/pelitur', 'TENAGA', 'OH', 0.0667, 21.809, 1.45466, '2026-04-19 03:39:07', '2026-04-19 03:39:07'),
(119, 24, 121, 'Kepala tukang', 'TENAGA', 'OH', 0.0067, 21.809, 0.14612, '2026-04-19 03:39:07', '2026-04-19 03:39:07'),
(120, 24, 117, 'Mandor', 'TENAGA', 'OH', 0.0022, 21.809, 0.04798, '2026-04-19 03:39:07', '2026-04-19 03:39:07'),
(121, 24, 212, 'Alkali killer sealer nippon paint', 'BAHAN', 'kg', 0.1, 21.809, 2.1809, '2026-04-19 03:39:07', '2026-04-19 03:39:07'),
(122, 24, 213, 'Cat Tembok Spotless plus warna standar (cat anti noda dan anti virus) nippon paint', 'BAHAN', 'kg', 0.26, 21.809, 5.67034, '2026-04-19 03:39:07', '2026-04-19 03:39:07'),
(123, 25, 143, 'Pekerja', 'TENAGA', 'Org/Hari', 0.0667, 14.013, 0.934667, '2026-04-19 03:39:18', '2026-04-19 03:39:18'),
(124, 25, 136, 'Tukang cat/pelitur', 'TENAGA', 'OH', 0.0667, 14.013, 0.934667, '2026-04-19 03:39:18', '2026-04-19 03:39:18'),
(125, 25, 121, 'Kepala tukang', 'TENAGA', 'OH', 0.0067, 14.013, 0.093887, '2026-04-19 03:39:18', '2026-04-19 03:39:18'),
(126, 25, 117, 'Mandor', 'TENAGA', 'OH', 0.0022, 14.013, 0.030829, '2026-04-19 03:39:18', '2026-04-19 03:39:18'),
(127, 25, 212, 'Alkali killer sealer nippon paint', 'BAHAN', 'kg', 0.1, 14.013, 1.4013, '2026-04-19 03:39:18', '2026-04-19 03:39:18'),
(128, 25, 213, 'Cat Tembok Spotless plus warna standar (cat anti noda dan anti virus) nippon paint', 'BAHAN', 'kg', 0.26, 14.013, 3.64338, '2026-04-19 03:39:18', '2026-04-19 03:39:18'),
(129, 26, 143, 'Pekerja', 'TENAGA', 'Org/Hari', 0.0667, 21.506, 1.43445, '2026-04-19 03:39:28', '2026-04-19 03:39:28'),
(130, 26, 136, 'Tukang cat/pelitur', 'TENAGA', 'OH', 0.0667, 21.506, 1.43445, '2026-04-19 03:39:28', '2026-04-19 03:39:28'),
(131, 26, 121, 'Kepala tukang', 'TENAGA', 'OH', 0.0067, 21.506, 0.14409, '2026-04-19 03:39:28', '2026-04-19 03:39:28'),
(132, 26, 117, 'Mandor', 'TENAGA', 'OH', 0.0022, 21.506, 0.047313, '2026-04-19 03:39:28', '2026-04-19 03:39:28'),
(133, 26, 212, 'Alkali killer sealer nippon paint', 'BAHAN', 'kg', 0.1, 21.506, 2.1506, '2026-04-19 03:39:28', '2026-04-19 03:39:28'),
(134, 26, 213, 'Cat Tembok Spotless plus warna standar (cat anti noda dan anti virus) nippon paint', 'BAHAN', 'kg', 0.26, 21.506, 5.59156, '2026-04-19 03:39:28', '2026-04-19 03:39:28'),
(135, 27, 143, 'Pekerja', 'TENAGA', 'Org/Hari', 0.0667, 21.809, 1.45466, '2026-04-19 03:39:59', '2026-04-19 03:39:59'),
(136, 27, 136, 'Tukang cat/pelitur', 'TENAGA', 'OH', 0.0667, 21.809, 1.45466, '2026-04-19 03:39:59', '2026-04-19 03:39:59'),
(137, 27, 121, 'Kepala tukang', 'TENAGA', 'OH', 0.0067, 21.809, 0.14612, '2026-04-19 03:39:59', '2026-04-19 03:39:59'),
(138, 27, 117, 'Mandor', 'TENAGA', 'OH', 0.0022, 21.809, 0.04798, '2026-04-19 03:39:59', '2026-04-19 03:39:59'),
(139, 27, 212, 'Alkali killer sealer nippon paint', 'BAHAN', 'kg', 0.1, 21.809, 2.1809, '2026-04-19 03:39:59', '2026-04-19 03:39:59'),
(140, 27, 213, 'Cat Tembok Spotless plus warna standar (cat anti noda dan anti virus) nippon paint', 'BAHAN', 'kg', 0.26, 21.809, 5.67034, '2026-04-19 03:39:59', '2026-04-19 03:39:59'),
(141, 28, 143, 'Pekerja', 'TENAGA', 'Org/Hari', 0.0667, 14.013, 0.934667, '2026-04-19 03:40:11', '2026-04-19 03:40:11'),
(142, 28, 136, 'Tukang cat/pelitur', 'TENAGA', 'OH', 0.0667, 14.013, 0.934667, '2026-04-19 03:40:11', '2026-04-19 03:40:11'),
(143, 28, 121, 'Kepala tukang', 'TENAGA', 'OH', 0.0067, 14.013, 0.093887, '2026-04-19 03:40:11', '2026-04-19 03:40:11'),
(144, 28, 117, 'Mandor', 'TENAGA', 'OH', 0.0022, 14.013, 0.030829, '2026-04-19 03:40:11', '2026-04-19 03:40:11'),
(145, 28, 212, 'Alkali killer sealer nippon paint', 'BAHAN', 'kg', 0.1, 14.013, 1.4013, '2026-04-19 03:40:11', '2026-04-19 03:40:11'),
(146, 28, 213, 'Cat Tembok Spotless plus warna standar (cat anti noda dan anti virus) nippon paint', 'BAHAN', 'kg', 0.26, 14.013, 3.64338, '2026-04-19 03:40:11', '2026-04-19 03:40:11'),
(147, 29, 143, 'Pekerja', 'TENAGA', 'Org/Hari', 0.0667, 21.506, 1.43445, '2026-04-19 03:40:29', '2026-04-19 03:40:29'),
(148, 29, 136, 'Tukang cat/pelitur', 'TENAGA', 'OH', 0.0667, 21.506, 1.43445, '2026-04-19 03:40:29', '2026-04-19 03:40:29'),
(149, 29, 121, 'Kepala tukang', 'TENAGA', 'OH', 0.0067, 21.506, 0.14409, '2026-04-19 03:40:29', '2026-04-19 03:40:29'),
(150, 29, 117, 'Mandor', 'TENAGA', 'OH', 0.0022, 21.506, 0.047313, '2026-04-19 03:40:29', '2026-04-19 03:40:29'),
(151, 29, 212, 'Alkali killer sealer nippon paint', 'BAHAN', 'kg', 0.1, 21.506, 2.1506, '2026-04-19 03:40:29', '2026-04-19 03:40:29'),
(152, 29, 213, 'Cat Tembok Spotless plus warna standar (cat anti noda dan anti virus) nippon paint', 'BAHAN', 'kg', 0.26, 21.506, 5.59156, '2026-04-19 03:40:29', '2026-04-19 03:40:29'),
(153, 30, 143, 'Pekerja', 'TENAGA', 'Org/Hari', 0.0667, 21.809, 1.45466, '2026-04-19 03:40:48', '2026-04-19 03:40:48'),
(154, 30, 136, 'Tukang cat/pelitur', 'TENAGA', 'OH', 0.0667, 21.809, 1.45466, '2026-04-19 03:40:48', '2026-04-19 03:40:48'),
(155, 30, 121, 'Kepala tukang', 'TENAGA', 'OH', 0.0067, 21.809, 0.14612, '2026-04-19 03:40:48', '2026-04-19 03:40:48'),
(156, 30, 117, 'Mandor', 'TENAGA', 'OH', 0.0022, 21.809, 0.04798, '2026-04-19 03:40:48', '2026-04-19 03:40:48'),
(157, 30, 212, 'Alkali killer sealer nippon paint', 'BAHAN', 'kg', 0.1, 21.809, 2.1809, '2026-04-19 03:40:48', '2026-04-19 03:40:48'),
(158, 30, 213, 'Cat Tembok Spotless plus warna standar (cat anti noda dan anti virus) nippon paint', 'BAHAN', 'kg', 0.26, 21.809, 5.67034, '2026-04-19 03:40:48', '2026-04-19 03:40:48'),
(159, 31, 143, 'Pekerja', 'TENAGA', 'Org/Hari', 0.0667, 14.013, 0.934667, '2026-04-19 03:40:58', '2026-04-19 03:40:58'),
(160, 31, 136, 'Tukang cat/pelitur', 'TENAGA', 'OH', 0.0667, 14.013, 0.934667, '2026-04-19 03:40:58', '2026-04-19 03:40:58'),
(161, 31, 121, 'Kepala tukang', 'TENAGA', 'OH', 0.0067, 14.013, 0.093887, '2026-04-19 03:40:58', '2026-04-19 03:40:58'),
(162, 31, 117, 'Mandor', 'TENAGA', 'OH', 0.0022, 14.013, 0.030829, '2026-04-19 03:40:58', '2026-04-19 03:40:58'),
(163, 31, 212, 'Alkali killer sealer nippon paint', 'BAHAN', 'kg', 0.1, 14.013, 1.4013, '2026-04-19 03:40:58', '2026-04-19 03:40:58'),
(164, 31, 213, 'Cat Tembok Spotless plus warna standar (cat anti noda dan anti virus) nippon paint', 'BAHAN', 'kg', 0.26, 14.013, 3.64338, '2026-04-19 03:40:58', '2026-04-19 03:40:58'),
(171, 33, 143, 'Pekerja', 'TENAGA', 'Org/Hari', 0.0667, 21.506, 1.43445, '2026-04-19 03:43:20', '2026-04-19 03:43:20'),
(172, 33, 136, 'Tukang cat/pelitur', 'TENAGA', 'OH', 0.0667, 21.506, 1.43445, '2026-04-19 03:43:20', '2026-04-19 03:43:20'),
(173, 33, 121, 'Kepala tukang', 'TENAGA', 'OH', 0.0067, 21.506, 0.14409, '2026-04-19 03:43:20', '2026-04-19 03:43:20'),
(174, 33, 117, 'Mandor', 'TENAGA', 'OH', 0.0022, 21.506, 0.047313, '2026-04-19 03:43:20', '2026-04-19 03:43:20'),
(175, 33, 212, 'Alkali killer sealer nippon paint', 'BAHAN', 'kg', 0.1, 21.506, 2.1506, '2026-04-19 03:43:20', '2026-04-19 03:43:20'),
(176, 33, 213, 'Cat Tembok Spotless plus warna standar (cat anti noda dan anti virus) nippon paint', 'BAHAN', 'kg', 0.26, 21.506, 5.59156, '2026-04-19 03:43:20', '2026-04-19 03:43:20'),
(177, 34, 143, 'Pekerja', 'TENAGA', 'Org/Hari', 0.0667, 21.506, 1.43445, '2026-04-19 03:43:39', '2026-04-19 03:43:39'),
(178, 34, 136, 'Tukang cat/pelitur', 'TENAGA', 'OH', 0.0667, 21.506, 1.43445, '2026-04-19 03:43:39', '2026-04-19 03:43:39'),
(179, 34, 121, 'Kepala tukang', 'TENAGA', 'OH', 0.0067, 21.506, 0.14409, '2026-04-19 03:43:39', '2026-04-19 03:43:39'),
(180, 34, 117, 'Mandor', 'TENAGA', 'OH', 0.0022, 21.506, 0.047313, '2026-04-19 03:43:39', '2026-04-19 03:43:39'),
(181, 34, 212, 'Alkali killer sealer nippon paint', 'BAHAN', 'kg', 0.1, 21.506, 2.1506, '2026-04-19 03:43:39', '2026-04-19 03:43:39'),
(182, 34, 213, 'Cat Tembok Spotless plus warna standar (cat anti noda dan anti virus) nippon paint', 'BAHAN', 'kg', 0.26, 21.506, 5.59156, '2026-04-19 03:43:39', '2026-04-19 03:43:39'),
(189, 36, 143, 'Pekerja', 'TENAGA', 'Org/Hari', 0.0667, 14.012, 0.9346, '2026-04-19 03:45:13', '2026-04-19 03:45:13'),
(190, 36, 136, 'Tukang cat/pelitur', 'TENAGA', 'OH', 0.0667, 14.012, 0.9346, '2026-04-19 03:45:13', '2026-04-19 03:45:13'),
(191, 36, 121, 'Kepala tukang', 'TENAGA', 'OH', 0.0067, 14.012, 0.09388, '2026-04-19 03:45:13', '2026-04-19 03:45:13'),
(192, 36, 117, 'Mandor', 'TENAGA', 'OH', 0.0022, 14.012, 0.030826, '2026-04-19 03:45:13', '2026-04-19 03:45:13'),
(193, 36, 212, 'Alkali killer sealer nippon paint', 'BAHAN', 'kg', 0.1, 14.012, 1.4012, '2026-04-19 03:45:13', '2026-04-19 03:45:13'),
(194, 36, 213, 'Cat Tembok Spotless plus warna standar (cat anti noda dan anti virus) nippon paint', 'BAHAN', 'kg', 0.26, 14.012, 3.64312, '2026-04-19 03:45:13', '2026-04-19 03:45:13'),
(201, 37, 143, 'Pekerja', 'TENAGA', 'Org/Hari', 0.0667, 21.806, 1.45446, '2026-04-19 03:48:36', '2026-04-19 03:48:36'),
(202, 37, 136, 'Tukang cat/pelitur', 'TENAGA', 'OH', 0.0667, 21.806, 1.45446, '2026-04-19 03:48:36', '2026-04-19 03:48:36'),
(203, 37, 121, 'Kepala tukang', 'TENAGA', 'OH', 0.0067, 21.806, 0.1461, '2026-04-19 03:48:36', '2026-04-19 03:48:36'),
(204, 37, 117, 'Mandor', 'TENAGA', 'OH', 0.0022, 21.806, 0.047973, '2026-04-19 03:48:36', '2026-04-19 03:48:36'),
(205, 37, 212, 'Alkali killer sealer nippon paint', 'BAHAN', 'kg', 0.1, 21.806, 2.1806, '2026-04-19 03:48:36', '2026-04-19 03:48:36'),
(206, 37, 213, 'Cat Tembok Spotless plus warna standar (cat anti noda dan anti virus) nippon paint', 'BAHAN', 'kg', 0.26, 21.806, 5.66956, '2026-04-19 03:48:36', '2026-04-19 03:48:36'),
(213, 39, 228, 'Pekerja Dua', 'TENAGA', 'OH', 1, 1.481, 1.481, '2026-04-19 04:02:17', '2026-04-19 04:02:17'),
(214, 40, 143, 'Pekerja', 'TENAGA', 'Org/Hari', 0.1, 1.333, 0.1333, '2026-04-19 04:06:57', '2026-04-19 04:06:57'),
(215, 40, 138, 'Tukang kayu', 'TENAGA', 'OH', 0.05, 1.333, 0.06665, '2026-04-19 04:06:57', '2026-04-19 04:06:57'),
(216, 40, 122, 'Tukang Besi', 'TENAGA', 'OH', 0.35, 1.333, 0.46655, '2026-04-19 04:06:57', '2026-04-19 04:06:57'),
(217, 40, 121, 'Kepala tukang', 'TENAGA', 'OH', 0.005, 1.333, 0.006665, '2026-04-19 04:06:57', '2026-04-19 04:06:57'),
(218, 40, 117, 'Mandor', 'TENAGA', 'OH', 0.0017, 1.333, 0.002266, '2026-04-19 04:06:57', '2026-04-19 04:06:57'),
(219, 40, 226, 'Plafond UPVC Adaron putih polos', 'BAHAN', 'lbr', 1.3125, 1.333, 1.74956, '2026-04-19 04:06:57', '2026-04-19 04:06:57'),
(220, 40, 221, 'Paku skrup 2', 'BAHAN', 'kg', 0.11, 1.333, 0.14663, '2026-04-19 04:06:57', '2026-04-19 04:06:57'),
(221, 40, 220, 'Rangka plafond hollow A Plus 4x4 cm ', 'BAHAN', 'btg', 2, 1.333, 2.666, '2026-04-19 04:06:57', '2026-04-19 04:06:57'),
(222, 40, 219, 'Rangka plafond hollow A Plus 2x4 cm ', 'BAHAN', 'btg', 2, 1.333, 2.666, '2026-04-19 04:06:57', '2026-04-19 04:06:57'),
(223, 41, 228, 'Pekerja Dua', 'TENAGA', 'OH', 1, 1.027, 1.027, '2026-04-19 04:08:24', '2026-04-19 04:08:24'),
(224, 42, 143, 'Pekerja', 'TENAGA', 'Org/Hari', 0.1, 0.925, 0.0925, '2026-04-19 04:09:23', '2026-04-19 04:09:23'),
(225, 42, 138, 'Tukang kayu', 'TENAGA', 'OH', 0.05, 0.925, 0.04625, '2026-04-19 04:09:23', '2026-04-19 04:09:23'),
(226, 42, 122, 'Tukang Besi', 'TENAGA', 'OH', 0.35, 0.925, 0.32375, '2026-04-19 04:09:23', '2026-04-19 04:09:23'),
(227, 42, 121, 'Kepala tukang', 'TENAGA', 'OH', 0.005, 0.925, 0.004625, '2026-04-19 04:09:23', '2026-04-19 04:09:23'),
(228, 42, 117, 'Mandor', 'TENAGA', 'OH', 0.0017, 0.925, 0.001572, '2026-04-19 04:09:23', '2026-04-19 04:09:23'),
(229, 42, 226, 'Plafond UPVC Adaron putih polos', 'BAHAN', 'lbr', 1.3125, 0.925, 1.21406, '2026-04-19 04:09:23', '2026-04-19 04:09:23'),
(230, 42, 221, 'Paku skrup 2', 'BAHAN', 'kg', 0.11, 0.925, 0.10175, '2026-04-19 04:09:23', '2026-04-19 04:09:23'),
(231, 42, 220, 'Rangka plafond hollow A Plus 4x4 cm ', 'BAHAN', 'btg', 2, 0.925, 1.85, '2026-04-19 04:09:23', '2026-04-19 04:09:23'),
(232, 42, 219, 'Rangka plafond hollow A Plus 2x4 cm ', 'BAHAN', 'btg', 2, 0.925, 1.85, '2026-04-19 04:09:23', '2026-04-19 04:09:23'),
(233, 43, 143, 'Pekerja', 'TENAGA', 'Org/Hari', 0.129, 0.057, 0.007353, '2026-04-19 04:10:17', '2026-04-19 04:10:17'),
(234, 43, 129, 'Tukang listrik', 'TENAGA', 'OH', 0.215, 0.057, 0.012255, '2026-04-19 04:10:17', '2026-04-19 04:10:17'),
(235, 43, 121, 'Kepala tukang', 'TENAGA', 'OH', 0.021, 0.057, 0.001197, '2026-04-19 04:10:17', '2026-04-19 04:10:17'),
(236, 43, 117, 'Mandor', 'TENAGA', 'OH', 0.007, 0.057, 0.000399, '2026-04-19 04:10:17', '2026-04-19 04:10:17'),
(237, 43, 210, 'Cup lampu RMI merk SUI isi 2 lampu', 'BAHAN', 'bh', 1, 0.057, 0.057, '2026-04-19 04:10:17', '2026-04-19 04:10:17'),
(238, 43, 211, 'Lampu tube 8 watt philips LED', 'BAHAN', 'bh', 2, 0.057, 0.114, '2026-04-19 04:10:17', '2026-04-19 04:10:17'),
(244, 45, 228, 'Pekerja Dua', 'TENAGA', 'OH', 1, 0.485, 0.485, '2026-04-19 04:13:57', '2026-04-19 04:13:57'),
(245, 46, 143, 'Pekerja', 'TENAGA', 'Org/Hari', 0.1, 0.388, 0.0388, '2026-04-19 04:15:30', '2026-04-19 04:15:30'),
(246, 46, 138, 'Tukang kayu', 'TENAGA', 'OH', 0.05, 0.388, 0.0194, '2026-04-19 04:15:30', '2026-04-19 04:15:30'),
(247, 46, 122, 'Tukang Besi', 'TENAGA', 'OH', 0.35, 0.388, 0.1358, '2026-04-19 04:15:30', '2026-04-19 04:15:30'),
(248, 46, 121, 'Kepala tukang', 'TENAGA', 'OH', 0.005, 0.388, 0.00194, '2026-04-19 04:15:30', '2026-04-19 04:15:30'),
(249, 46, 117, 'Mandor', 'TENAGA', 'OH', 0.0017, 0.388, 0.00066, '2026-04-19 04:15:30', '2026-04-19 04:15:30'),
(250, 46, 226, 'Plafond UPVC Adaron putih polos', 'BAHAN', 'lbr', 1.3125, 0.388, 0.50925, '2026-04-19 04:15:30', '2026-04-19 04:15:30'),
(251, 46, 221, 'Paku skrup 2', 'BAHAN', 'kg', 0.11, 0.388, 0.04268, '2026-04-19 04:15:30', '2026-04-19 04:15:30'),
(252, 46, 220, 'Rangka plafond hollow A Plus 4x4 cm ', 'BAHAN', 'btg', 2, 0.388, 0.776, '2026-04-19 04:15:30', '2026-04-19 04:15:30'),
(253, 46, 219, 'Rangka plafond hollow A Plus 2x4 cm ', 'BAHAN', 'btg', 2, 0.388, 0.776, '2026-04-19 04:15:30', '2026-04-19 04:15:30'),
(255, 47, 228, 'Pekerja Dua', 'TENAGA', 'OH', 1, 2.958, 2.958, '2026-04-19 04:17:58', '2026-04-19 04:17:58'),
(256, 48, 143, 'Pekerja', 'TENAGA', 'Org/Hari', 0.1, 1.549, 0.1549, '2026-04-19 04:18:48', '2026-04-19 04:18:48'),
(257, 48, 138, 'Tukang kayu', 'TENAGA', 'OH', 0.05, 1.549, 0.07745, '2026-04-19 04:18:48', '2026-04-19 04:18:48'),
(258, 48, 122, 'Tukang Besi', 'TENAGA', 'OH', 0.35, 1.549, 0.54215, '2026-04-19 04:18:48', '2026-04-19 04:18:48'),
(259, 48, 121, 'Kepala tukang', 'TENAGA', 'OH', 0.005, 1.549, 0.007745, '2026-04-19 04:18:48', '2026-04-19 04:18:48'),
(260, 48, 117, 'Mandor', 'TENAGA', 'OH', 0.0017, 1.549, 0.002633, '2026-04-19 04:18:48', '2026-04-19 04:18:48'),
(261, 48, 226, 'Plafond UPVC Adaron putih polos', 'BAHAN', 'lbr', 1.3125, 1.549, 2.03306, '2026-04-19 04:18:48', '2026-04-19 04:18:48'),
(262, 48, 221, 'Paku skrup 2', 'BAHAN', 'kg', 0.11, 1.549, 0.17039, '2026-04-19 04:18:48', '2026-04-19 04:18:48'),
(263, 48, 220, 'Rangka plafond hollow A Plus 4x4 cm ', 'BAHAN', 'btg', 2, 1.549, 3.098, '2026-04-19 04:18:48', '2026-04-19 04:18:48'),
(264, 48, 219, 'Rangka plafond hollow A Plus 2x4 cm ', 'BAHAN', 'btg', 2, 1.549, 3.098, '2026-04-19 04:18:48', '2026-04-19 04:18:48'),
(265, 49, 143, 'Pekerja', 'TENAGA', 'Org/Hari', 0.1, 0.742, 0.0742, '2026-04-19 04:19:36', '2026-04-19 04:19:36'),
(266, 49, 138, 'Tukang kayu', 'TENAGA', 'OH', 0.05, 0.742, 0.0371, '2026-04-19 04:19:36', '2026-04-19 04:19:36'),
(267, 49, 122, 'Tukang Besi', 'TENAGA', 'OH', 0.35, 0.742, 0.2597, '2026-04-19 04:19:36', '2026-04-19 04:19:36'),
(268, 49, 121, 'Kepala tukang', 'TENAGA', 'OH', 0.005, 0.742, 0.00371, '2026-04-19 04:19:36', '2026-04-19 04:19:36'),
(269, 49, 117, 'Mandor', 'TENAGA', 'OH', 0.0017, 0.742, 0.001261, '2026-04-19 04:19:36', '2026-04-19 04:19:36'),
(270, 49, 225, 'Plafond UPVC Adaron motif kayu', 'BAHAN', 'lbr', 1.3125, 0.742, 0.973875, '2026-04-19 04:19:36', '2026-04-19 04:19:36'),
(271, 49, 221, 'Paku skrup 2', 'BAHAN', 'kg', 0.11, 0.742, 0.08162, '2026-04-19 04:19:36', '2026-04-19 04:19:36'),
(272, 49, 220, 'Rangka plafond hollow A Plus 4x4 cm ', 'BAHAN', 'btg', 2, 0.742, 1.484, '2026-04-19 04:19:36', '2026-04-19 04:19:36'),
(273, 49, 219, 'Rangka plafond hollow A Plus 2x4 cm ', 'BAHAN', 'btg', 2, 0.742, 1.484, '2026-04-19 04:19:36', '2026-04-19 04:19:36'),
(274, 50, 143, 'Pekerja', 'TENAGA', 'Org/Hari', 0.19, 0.107, 0.02033, '2026-04-19 04:20:31', '2026-04-19 04:20:31'),
(275, 50, 129, 'Tukang listrik', 'TENAGA', 'OH', 0.318, 0.107, 0.034026, '2026-04-19 04:20:31', '2026-04-19 04:20:31'),
(276, 50, 121, 'Kepala tukang', 'TENAGA', 'OH', 0.032, 0.107, 0.003424, '2026-04-19 04:20:31', '2026-04-19 04:20:31'),
(277, 50, 117, 'Mandor', 'TENAGA', 'OH', 0.011, 0.107, 0.001177, '2026-04-19 04:20:31', '2026-04-19 04:20:31'),
(278, 50, 197, 'Kabel NYM 3 x 2.5 mm ex. Supreme', 'BAHAN', 'm', 8.8, 0.107, 0.9416, '2026-04-19 04:20:31', '2026-04-19 04:20:31'),
(279, 50, 198, 'Pipa clipsal 20 mm', 'BAHAN', 'm', 8.8, 0.107, 0.9416, '2026-04-19 04:20:31', '2026-04-19 04:20:31'),
(280, 50, 199, 'Tee dos clipsal 20 mm', 'BAHAN', 'bh', 1, 0.107, 0.107, '2026-04-19 04:20:31', '2026-04-19 04:20:31'),
(281, 50, 200, 'Sock clipsal 20 mm', 'BAHAN', 'bh', 5, 0.107, 0.535, '2026-04-19 04:20:31', '2026-04-19 04:20:31'),
(282, 50, 201, 'Isolasi /4', 'BAHAN', 'm', 0.5, 0.107, 0.0535, '2026-04-19 04:20:31', '2026-04-19 04:20:31'),
(283, 50, 202, 'Flexible Conduit 20 mm', 'BAHAN', 'm', 1, 0.107, 0.107, '2026-04-19 04:20:31', '2026-04-19 04:20:31'),
(284, 50, 203, 'Klem clipsal 20 mm', 'BAHAN', 'bh', 10, 0.107, 1.07, '2026-04-19 04:20:31', '2026-04-19 04:20:31'),
(285, 50, 204, 'Fisher S5 + Skrup', 'BAHAN', 'bh', 15, 0.107, 1.605, '2026-04-19 04:20:31', '2026-04-19 04:20:31'),
(286, 50, 205, 'Elbow', 'BAHAN', 'bh', 4, 0.107, 0.428, '2026-04-19 04:20:31', '2026-04-19 04:20:31'),
(287, 50, 206, 'Lasdop', 'BAHAN', 'bh', 4, 0.107, 0.428, '2026-04-19 04:20:31', '2026-04-19 04:20:31'),
(288, 51, 228, 'Pekerja Dua', 'TENAGA', 'OH', 1, 1.481, 1.481, '2026-04-19 04:32:23', '2026-04-19 04:32:23'),
(289, 52, 143, 'Pekerja', 'TENAGA', 'Org/Hari', 0.1, 1.333, 0.1333, '2026-04-19 04:32:34', '2026-04-19 04:32:34'),
(290, 52, 138, 'Tukang kayu', 'TENAGA', 'OH', 0.05, 1.333, 0.06665, '2026-04-19 04:32:34', '2026-04-19 04:32:34'),
(291, 52, 122, 'Tukang Besi', 'TENAGA', 'OH', 0.35, 1.333, 0.46655, '2026-04-19 04:32:34', '2026-04-19 04:32:34'),
(292, 52, 121, 'Kepala tukang', 'TENAGA', 'OH', 0.005, 1.333, 0.006665, '2026-04-19 04:32:34', '2026-04-19 04:32:34'),
(293, 52, 117, 'Mandor', 'TENAGA', 'OH', 0.0017, 1.333, 0.002266, '2026-04-19 04:32:34', '2026-04-19 04:32:34'),
(294, 52, 226, 'Plafond UPVC Adaron putih polos', 'BAHAN', 'lbr', 1.3125, 1.333, 1.74956, '2026-04-19 04:32:34', '2026-04-19 04:32:34'),
(295, 52, 221, 'Paku skrup 2', 'BAHAN', 'kg', 0.11, 1.333, 0.14663, '2026-04-19 04:32:34', '2026-04-19 04:32:34'),
(296, 52, 220, 'Rangka plafond hollow A Plus 4x4 cm ', 'BAHAN', 'btg', 2, 1.333, 2.666, '2026-04-19 04:32:34', '2026-04-19 04:32:34'),
(297, 52, 219, 'Rangka plafond hollow A Plus 2x4 cm ', 'BAHAN', 'btg', 2, 1.333, 2.666, '2026-04-19 04:32:34', '2026-04-19 04:32:34'),
(298, 53, 228, 'Pekerja Dua', 'TENAGA', 'OH', 1, 1.027, 1.027, '2026-04-19 04:32:45', '2026-04-19 04:32:45'),
(299, 54, 143, 'Pekerja', 'TENAGA', 'Org/Hari', 0.1, 0.925, 0.0925, '2026-04-19 04:32:56', '2026-04-19 04:32:56'),
(300, 54, 138, 'Tukang kayu', 'TENAGA', 'OH', 0.05, 0.925, 0.04625, '2026-04-19 04:32:56', '2026-04-19 04:32:56'),
(301, 54, 122, 'Tukang Besi', 'TENAGA', 'OH', 0.35, 0.925, 0.32375, '2026-04-19 04:32:56', '2026-04-19 04:32:56'),
(302, 54, 121, 'Kepala tukang', 'TENAGA', 'OH', 0.005, 0.925, 0.004625, '2026-04-19 04:32:56', '2026-04-19 04:32:56'),
(303, 54, 117, 'Mandor', 'TENAGA', 'OH', 0.0017, 0.925, 0.001572, '2026-04-19 04:32:56', '2026-04-19 04:32:56'),
(304, 54, 226, 'Plafond UPVC Adaron putih polos', 'BAHAN', 'lbr', 1.3125, 0.925, 1.21406, '2026-04-19 04:32:56', '2026-04-19 04:32:56'),
(305, 54, 221, 'Paku skrup 2', 'BAHAN', 'kg', 0.11, 0.925, 0.10175, '2026-04-19 04:32:56', '2026-04-19 04:32:56'),
(306, 54, 220, 'Rangka plafond hollow A Plus 4x4 cm ', 'BAHAN', 'btg', 2, 0.925, 1.85, '2026-04-19 04:32:56', '2026-04-19 04:32:56'),
(307, 54, 219, 'Rangka plafond hollow A Plus 2x4 cm ', 'BAHAN', 'btg', 2, 0.925, 1.85, '2026-04-19 04:32:56', '2026-04-19 04:32:56'),
(308, 55, 143, 'Pekerja', 'TENAGA', 'Org/Hari', 0.129, 0.057, 0.007353, '2026-04-19 04:33:09', '2026-04-19 04:33:09'),
(309, 55, 129, 'Tukang listrik', 'TENAGA', 'OH', 0.215, 0.057, 0.012255, '2026-04-19 04:33:09', '2026-04-19 04:33:09'),
(310, 55, 121, 'Kepala tukang', 'TENAGA', 'OH', 0.021, 0.057, 0.001197, '2026-04-19 04:33:09', '2026-04-19 04:33:09'),
(311, 55, 117, 'Mandor', 'TENAGA', 'OH', 0.007, 0.057, 0.000399, '2026-04-19 04:33:09', '2026-04-19 04:33:09'),
(312, 55, 210, 'Cup lampu RMI merk SUI isi 2 lampu', 'BAHAN', 'bh', 1, 0.057, 0.057, '2026-04-19 04:33:09', '2026-04-19 04:33:09'),
(313, 55, 211, 'Lampu tube 8 watt philips LED', 'BAHAN', 'bh', 2, 0.057, 0.114, '2026-04-19 04:33:09', '2026-04-19 04:33:09'),
(314, 56, 143, 'Pekerja', 'TENAGA', 'Org/Hari', 0.1667, 0.083, 0.013836, '2026-04-19 04:33:24', '2026-04-19 04:33:24'),
(315, 56, 136, 'Tukang cat/pelitur', 'TENAGA', 'OH', 0.0833, 0.083, 0.006914, '2026-04-19 04:33:24', '2026-04-19 04:33:24'),
(316, 56, 121, 'Kepala tukang', 'TENAGA', 'OH', 0.0083, 0.083, 0.000689, '2026-04-19 04:33:24', '2026-04-19 04:33:24'),
(317, 56, 117, 'Mandor', 'TENAGA', 'OH', 0.0028, 0.083, 0.000232, '2026-04-19 04:33:24', '2026-04-19 04:33:24'),
(318, 56, 214, 'Mortar TM 290 Render (Plaster Sekaligus Acian) 50 kg', 'BAHAN', 'kg', 16.67, 0.083, 1.38361, '2026-04-19 04:33:24', '2026-04-19 04:33:24'),
(319, 57, 228, 'Pekerja Dua', 'TENAGA', 'OH', 1, 0.485, 0.485, '2026-04-19 04:33:50', '2026-04-19 04:33:50'),
(320, 58, 143, 'Pekerja', 'TENAGA', 'Org/Hari', 0.1, 0.388, 0.0388, '2026-04-19 04:34:05', '2026-04-19 04:34:05'),
(321, 58, 138, 'Tukang kayu', 'TENAGA', 'OH', 0.05, 0.388, 0.0194, '2026-04-19 04:34:05', '2026-04-19 04:34:05'),
(322, 58, 122, 'Tukang Besi', 'TENAGA', 'OH', 0.35, 0.388, 0.1358, '2026-04-19 04:34:05', '2026-04-19 04:34:05'),
(323, 58, 121, 'Kepala tukang', 'TENAGA', 'OH', 0.005, 0.388, 0.00194, '2026-04-19 04:34:05', '2026-04-19 04:34:05'),
(324, 58, 117, 'Mandor', 'TENAGA', 'OH', 0.0017, 0.388, 0.00066, '2026-04-19 04:34:05', '2026-04-19 04:34:05'),
(325, 58, 226, 'Plafond UPVC Adaron putih polos', 'BAHAN', 'lbr', 1.3125, 0.388, 0.50925, '2026-04-19 04:34:05', '2026-04-19 04:34:05'),
(326, 58, 221, 'Paku skrup 2', 'BAHAN', 'kg', 0.11, 0.388, 0.04268, '2026-04-19 04:34:05', '2026-04-19 04:34:05'),
(327, 58, 220, 'Rangka plafond hollow A Plus 4x4 cm ', 'BAHAN', 'btg', 2, 0.388, 0.776, '2026-04-19 04:34:05', '2026-04-19 04:34:05'),
(328, 58, 219, 'Rangka plafond hollow A Plus 2x4 cm ', 'BAHAN', 'btg', 2, 0.388, 0.776, '2026-04-19 04:34:05', '2026-04-19 04:34:05'),
(329, 59, 228, 'Pekerja Dua', 'TENAGA', 'OH', 1, 2.958, 2.958, '2026-04-19 04:34:20', '2026-04-19 04:34:20'),
(330, 60, 143, 'Pekerja', 'TENAGA', 'Org/Hari', 0.1, 1.549, 0.1549, '2026-04-19 04:34:41', '2026-04-19 04:34:41'),
(331, 60, 138, 'Tukang kayu', 'TENAGA', 'OH', 0.05, 1.549, 0.07745, '2026-04-19 04:34:41', '2026-04-19 04:34:41'),
(332, 60, 122, 'Tukang Besi', 'TENAGA', 'OH', 0.35, 1.549, 0.54215, '2026-04-19 04:34:41', '2026-04-19 04:34:41'),
(333, 60, 121, 'Kepala tukang', 'TENAGA', 'OH', 0.005, 1.549, 0.007745, '2026-04-19 04:34:41', '2026-04-19 04:34:41'),
(334, 60, 117, 'Mandor', 'TENAGA', 'OH', 0.0017, 1.549, 0.002633, '2026-04-19 04:34:41', '2026-04-19 04:34:41'),
(335, 60, 226, 'Plafond UPVC Adaron putih polos', 'BAHAN', 'lbr', 1.3125, 1.549, 2.03306, '2026-04-19 04:34:41', '2026-04-19 04:34:41'),
(336, 60, 221, 'Paku skrup 2', 'BAHAN', 'kg', 0.11, 1.549, 0.17039, '2026-04-19 04:34:41', '2026-04-19 04:34:41'),
(337, 60, 220, 'Rangka plafond hollow A Plus 4x4 cm ', 'BAHAN', 'btg', 2, 1.549, 3.098, '2026-04-19 04:34:41', '2026-04-19 04:34:41'),
(338, 60, 219, 'Rangka plafond hollow A Plus 2x4 cm ', 'BAHAN', 'btg', 2, 1.549, 3.098, '2026-04-19 04:34:41', '2026-04-19 04:34:41'),
(339, 61, 143, 'Pekerja', 'TENAGA', 'Org/Hari', 0.1, 0.742, 0.0742, '2026-04-19 04:34:57', '2026-04-19 04:34:57'),
(340, 61, 138, 'Tukang kayu', 'TENAGA', 'OH', 0.05, 0.742, 0.0371, '2026-04-19 04:34:57', '2026-04-19 04:34:57'),
(341, 61, 122, 'Tukang Besi', 'TENAGA', 'OH', 0.35, 0.742, 0.2597, '2026-04-19 04:34:57', '2026-04-19 04:34:57'),
(342, 61, 121, 'Kepala tukang', 'TENAGA', 'OH', 0.005, 0.742, 0.00371, '2026-04-19 04:34:57', '2026-04-19 04:34:57'),
(343, 61, 117, 'Mandor', 'TENAGA', 'OH', 0.0017, 0.742, 0.001261, '2026-04-19 04:34:57', '2026-04-19 04:34:57'),
(344, 61, 225, 'Plafond UPVC Adaron motif kayu', 'BAHAN', 'lbr', 1.3125, 0.742, 0.973875, '2026-04-19 04:34:57', '2026-04-19 04:34:57'),
(345, 61, 221, 'Paku skrup 2', 'BAHAN', 'kg', 0.11, 0.742, 0.08162, '2026-04-19 04:34:57', '2026-04-19 04:34:57'),
(346, 61, 220, 'Rangka plafond hollow A Plus 4x4 cm ', 'BAHAN', 'btg', 2, 0.742, 1.484, '2026-04-19 04:34:57', '2026-04-19 04:34:57'),
(347, 61, 219, 'Rangka plafond hollow A Plus 2x4 cm ', 'BAHAN', 'btg', 2, 0.742, 1.484, '2026-04-19 04:34:57', '2026-04-19 04:34:57'),
(348, 62, 143, 'Pekerja', 'TENAGA', 'Org/Hari', 0.19, 0.107, 0.02033, '2026-04-19 04:35:12', '2026-04-19 04:35:12'),
(349, 62, 129, 'Tukang listrik', 'TENAGA', 'OH', 0.318, 0.107, 0.034026, '2026-04-19 04:35:12', '2026-04-19 04:35:12'),
(350, 62, 121, 'Kepala tukang', 'TENAGA', 'OH', 0.032, 0.107, 0.003424, '2026-04-19 04:35:12', '2026-04-19 04:35:12'),
(351, 62, 117, 'Mandor', 'TENAGA', 'OH', 0.011, 0.107, 0.001177, '2026-04-19 04:35:12', '2026-04-19 04:35:12'),
(352, 62, 197, 'Kabel NYM 3 x 2.5 mm ex. Supreme', 'BAHAN', 'm', 8.8, 0.107, 0.9416, '2026-04-19 04:35:12', '2026-04-19 04:35:12'),
(353, 62, 198, 'Pipa clipsal 20 mm', 'BAHAN', 'm', 8.8, 0.107, 0.9416, '2026-04-19 04:35:12', '2026-04-19 04:35:12'),
(354, 62, 199, 'Tee dos clipsal 20 mm', 'BAHAN', 'bh', 1, 0.107, 0.107, '2026-04-19 04:35:12', '2026-04-19 04:35:12'),
(355, 62, 200, 'Sock clipsal 20 mm', 'BAHAN', 'bh', 5, 0.107, 0.535, '2026-04-19 04:35:12', '2026-04-19 04:35:12'),
(356, 62, 201, 'Isolasi /4', 'BAHAN', 'm', 0.5, 0.107, 0.0535, '2026-04-19 04:35:12', '2026-04-19 04:35:12'),
(357, 62, 202, 'Flexible Conduit 20 mm', 'BAHAN', 'm', 1, 0.107, 0.107, '2026-04-19 04:35:12', '2026-04-19 04:35:12'),
(358, 62, 203, 'Klem clipsal 20 mm', 'BAHAN', 'bh', 10, 0.107, 1.07, '2026-04-19 04:35:12', '2026-04-19 04:35:12'),
(359, 62, 204, 'Fisher S5 + Skrup', 'BAHAN', 'bh', 15, 0.107, 1.605, '2026-04-19 04:35:12', '2026-04-19 04:35:12'),
(360, 62, 205, 'Elbow', 'BAHAN', 'bh', 4, 0.107, 0.428, '2026-04-19 04:35:12', '2026-04-19 04:35:12'),
(361, 62, 206, 'Lasdop', 'BAHAN', 'bh', 4, 0.107, 0.428, '2026-04-19 04:35:12', '2026-04-19 04:35:12'),
(362, 63, 143, 'Pekerja', 'TENAGA', 'Org/Hari', 0.1667, 0.083, 0.013836, '2026-04-19 04:46:46', '2026-04-19 04:46:46'),
(363, 63, 136, 'Tukang cat/pelitur', 'TENAGA', 'OH', 0.0833, 0.083, 0.006914, '2026-04-19 04:46:46', '2026-04-19 04:46:46'),
(364, 63, 121, 'Kepala tukang', 'TENAGA', 'OH', 0.0083, 0.083, 0.000689, '2026-04-19 04:46:46', '2026-04-19 04:46:46'),
(365, 63, 117, 'Mandor', 'TENAGA', 'OH', 0.0028, 0.083, 0.000232, '2026-04-19 04:46:46', '2026-04-19 04:46:46'),
(366, 63, 214, 'Mortar TM 290 Render (Plaster Sekaligus Acian) 50 kg', 'BAHAN', 'kg', 16.67, 0.083, 1.38361, '2026-04-19 04:46:46', '2026-04-19 04:46:46'),
(367, 64, 228, 'Pekerja Dua', 'TENAGA', 'OH', 1, 1.481, 1.481, '2026-04-19 04:49:21', '2026-04-19 04:49:21'),
(368, 65, 143, 'Pekerja', 'TENAGA', 'Org/Hari', 0.1, 1.333, 0.1333, '2026-04-19 04:49:30', '2026-04-19 04:49:30'),
(369, 65, 138, 'Tukang kayu', 'TENAGA', 'OH', 0.05, 1.333, 0.06665, '2026-04-19 04:49:30', '2026-04-19 04:49:30'),
(370, 65, 122, 'Tukang Besi', 'TENAGA', 'OH', 0.35, 1.333, 0.46655, '2026-04-19 04:49:30', '2026-04-19 04:49:30'),
(371, 65, 121, 'Kepala tukang', 'TENAGA', 'OH', 0.005, 1.333, 0.006665, '2026-04-19 04:49:30', '2026-04-19 04:49:30'),
(372, 65, 117, 'Mandor', 'TENAGA', 'OH', 0.0017, 1.333, 0.002266, '2026-04-19 04:49:30', '2026-04-19 04:49:30'),
(373, 65, 226, 'Plafond UPVC Adaron putih polos', 'BAHAN', 'lbr', 1.3125, 1.333, 1.74956, '2026-04-19 04:49:30', '2026-04-19 04:49:30'),
(374, 65, 221, 'Paku skrup 2', 'BAHAN', 'kg', 0.11, 1.333, 0.14663, '2026-04-19 04:49:30', '2026-04-19 04:49:30'),
(375, 65, 220, 'Rangka plafond hollow A Plus 4x4 cm ', 'BAHAN', 'btg', 2, 1.333, 2.666, '2026-04-19 04:49:30', '2026-04-19 04:49:30'),
(376, 65, 219, 'Rangka plafond hollow A Plus 2x4 cm ', 'BAHAN', 'btg', 2, 1.333, 2.666, '2026-04-19 04:49:30', '2026-04-19 04:49:30'),
(377, 66, 228, 'Pekerja Dua', 'TENAGA', 'OH', 1, 1.027, 1.027, '2026-04-19 04:49:39', '2026-04-19 04:49:39'),
(378, 67, 143, 'Pekerja', 'TENAGA', 'Org/Hari', 0.1, 0.925, 0.0925, '2026-04-19 04:49:49', '2026-04-19 04:49:49'),
(379, 67, 138, 'Tukang kayu', 'TENAGA', 'OH', 0.05, 0.925, 0.04625, '2026-04-19 04:49:49', '2026-04-19 04:49:49'),
(380, 67, 122, 'Tukang Besi', 'TENAGA', 'OH', 0.35, 0.925, 0.32375, '2026-04-19 04:49:49', '2026-04-19 04:49:49'),
(381, 67, 121, 'Kepala tukang', 'TENAGA', 'OH', 0.005, 0.925, 0.004625, '2026-04-19 04:49:49', '2026-04-19 04:49:49'),
(382, 67, 117, 'Mandor', 'TENAGA', 'OH', 0.0017, 0.925, 0.001572, '2026-04-19 04:49:49', '2026-04-19 04:49:49'),
(383, 67, 226, 'Plafond UPVC Adaron putih polos', 'BAHAN', 'lbr', 1.3125, 0.925, 1.21406, '2026-04-19 04:49:49', '2026-04-19 04:49:49'),
(384, 67, 221, 'Paku skrup 2', 'BAHAN', 'kg', 0.11, 0.925, 0.10175, '2026-04-19 04:49:49', '2026-04-19 04:49:49'),
(385, 67, 220, 'Rangka plafond hollow A Plus 4x4 cm ', 'BAHAN', 'btg', 2, 0.925, 1.85, '2026-04-19 04:49:49', '2026-04-19 04:49:49'),
(386, 67, 219, 'Rangka plafond hollow A Plus 2x4 cm ', 'BAHAN', 'btg', 2, 0.925, 1.85, '2026-04-19 04:49:49', '2026-04-19 04:49:49'),
(387, 68, 143, 'Pekerja', 'TENAGA', 'Org/Hari', 0.129, 0.057, 0.007353, '2026-04-19 04:50:01', '2026-04-19 04:50:01'),
(388, 68, 129, 'Tukang listrik', 'TENAGA', 'OH', 0.215, 0.057, 0.012255, '2026-04-19 04:50:01', '2026-04-19 04:50:01'),
(389, 68, 121, 'Kepala tukang', 'TENAGA', 'OH', 0.021, 0.057, 0.001197, '2026-04-19 04:50:01', '2026-04-19 04:50:01'),
(390, 68, 117, 'Mandor', 'TENAGA', 'OH', 0.007, 0.057, 0.000399, '2026-04-19 04:50:01', '2026-04-19 04:50:01'),
(391, 68, 210, 'Cup lampu RMI merk SUI isi 2 lampu', 'BAHAN', 'bh', 1, 0.057, 0.057, '2026-04-19 04:50:01', '2026-04-19 04:50:01'),
(392, 68, 211, 'Lampu tube 8 watt philips LED', 'BAHAN', 'bh', 2, 0.057, 0.114, '2026-04-19 04:50:01', '2026-04-19 04:50:01'),
(393, 69, 143, 'Pekerja', 'TENAGA', 'Org/Hari', 0.1667, 0.083, 0.013836, '2026-04-19 04:50:15', '2026-04-19 04:50:15'),
(394, 69, 136, 'Tukang cat/pelitur', 'TENAGA', 'OH', 0.0833, 0.083, 0.006914, '2026-04-19 04:50:15', '2026-04-19 04:50:15'),
(395, 69, 121, 'Kepala tukang', 'TENAGA', 'OH', 0.0083, 0.083, 0.000689, '2026-04-19 04:50:15', '2026-04-19 04:50:15'),
(396, 69, 117, 'Mandor', 'TENAGA', 'OH', 0.0028, 0.083, 0.000232, '2026-04-19 04:50:15', '2026-04-19 04:50:15'),
(397, 69, 214, 'Mortar TM 290 Render (Plaster Sekaligus Acian) 50 kg', 'BAHAN', 'kg', 16.67, 0.083, 1.38361, '2026-04-19 04:50:15', '2026-04-19 04:50:15'),
(398, 70, 228, 'Pekerja Dua', 'TENAGA', 'OH', 1, 0.485, 0.485, '2026-04-19 04:50:27', '2026-04-19 04:50:27'),
(399, 71, 143, 'Pekerja', 'TENAGA', 'Org/Hari', 0.1, 0.388, 0.0388, '2026-04-19 04:50:41', '2026-04-19 04:50:41'),
(400, 71, 138, 'Tukang kayu', 'TENAGA', 'OH', 0.05, 0.388, 0.0194, '2026-04-19 04:50:41', '2026-04-19 04:50:41'),
(401, 71, 122, 'Tukang Besi', 'TENAGA', 'OH', 0.35, 0.388, 0.1358, '2026-04-19 04:50:41', '2026-04-19 04:50:41'),
(402, 71, 121, 'Kepala tukang', 'TENAGA', 'OH', 0.005, 0.388, 0.00194, '2026-04-19 04:50:41', '2026-04-19 04:50:41'),
(403, 71, 117, 'Mandor', 'TENAGA', 'OH', 0.0017, 0.388, 0.00066, '2026-04-19 04:50:41', '2026-04-19 04:50:41'),
(404, 71, 226, 'Plafond UPVC Adaron putih polos', 'BAHAN', 'lbr', 1.3125, 0.388, 0.50925, '2026-04-19 04:50:41', '2026-04-19 04:50:41'),
(405, 71, 221, 'Paku skrup 2', 'BAHAN', 'kg', 0.11, 0.388, 0.04268, '2026-04-19 04:50:41', '2026-04-19 04:50:41'),
(406, 71, 220, 'Rangka plafond hollow A Plus 4x4 cm ', 'BAHAN', 'btg', 2, 0.388, 0.776, '2026-04-19 04:50:41', '2026-04-19 04:50:41'),
(407, 71, 219, 'Rangka plafond hollow A Plus 2x4 cm ', 'BAHAN', 'btg', 2, 0.388, 0.776, '2026-04-19 04:50:41', '2026-04-19 04:50:41'),
(408, 72, 228, 'Pekerja Dua', 'TENAGA', 'OH', 1, 2.958, 2.958, '2026-04-19 04:50:55', '2026-04-19 04:50:55'),
(409, 73, 143, 'Pekerja', 'TENAGA', 'Org/Hari', 0.1, 1.549, 0.1549, '2026-04-19 04:51:12', '2026-04-19 04:51:12'),
(410, 73, 138, 'Tukang kayu', 'TENAGA', 'OH', 0.05, 1.549, 0.07745, '2026-04-19 04:51:12', '2026-04-19 04:51:12'),
(411, 73, 122, 'Tukang Besi', 'TENAGA', 'OH', 0.35, 1.549, 0.54215, '2026-04-19 04:51:12', '2026-04-19 04:51:12'),
(412, 73, 121, 'Kepala tukang', 'TENAGA', 'OH', 0.005, 1.549, 0.007745, '2026-04-19 04:51:12', '2026-04-19 04:51:12'),
(413, 73, 117, 'Mandor', 'TENAGA', 'OH', 0.0017, 1.549, 0.002633, '2026-04-19 04:51:12', '2026-04-19 04:51:12'),
(414, 73, 226, 'Plafond UPVC Adaron putih polos', 'BAHAN', 'lbr', 1.3125, 1.549, 2.03306, '2026-04-19 04:51:12', '2026-04-19 04:51:12'),
(415, 73, 221, 'Paku skrup 2', 'BAHAN', 'kg', 0.11, 1.549, 0.17039, '2026-04-19 04:51:12', '2026-04-19 04:51:12'),
(416, 73, 220, 'Rangka plafond hollow A Plus 4x4 cm ', 'BAHAN', 'btg', 2, 1.549, 3.098, '2026-04-19 04:51:12', '2026-04-19 04:51:12'),
(417, 73, 219, 'Rangka plafond hollow A Plus 2x4 cm ', 'BAHAN', 'btg', 2, 1.549, 3.098, '2026-04-19 04:51:12', '2026-04-19 04:51:12'),
(418, 74, 143, 'Pekerja', 'TENAGA', 'Org/Hari', 0.1, 0.742, 0.0742, '2026-04-19 04:51:29', '2026-04-19 04:51:29'),
(419, 74, 138, 'Tukang kayu', 'TENAGA', 'OH', 0.05, 0.742, 0.0371, '2026-04-19 04:51:29', '2026-04-19 04:51:29'),
(420, 74, 122, 'Tukang Besi', 'TENAGA', 'OH', 0.35, 0.742, 0.2597, '2026-04-19 04:51:29', '2026-04-19 04:51:29'),
(421, 74, 121, 'Kepala tukang', 'TENAGA', 'OH', 0.005, 0.742, 0.00371, '2026-04-19 04:51:29', '2026-04-19 04:51:29'),
(422, 74, 117, 'Mandor', 'TENAGA', 'OH', 0.0017, 0.742, 0.001261, '2026-04-19 04:51:29', '2026-04-19 04:51:29'),
(423, 74, 225, 'Plafond UPVC Adaron motif kayu', 'BAHAN', 'lbr', 1.3125, 0.742, 0.973875, '2026-04-19 04:51:29', '2026-04-19 04:51:29'),
(424, 74, 221, 'Paku skrup 2', 'BAHAN', 'kg', 0.11, 0.742, 0.08162, '2026-04-19 04:51:29', '2026-04-19 04:51:29'),
(425, 74, 220, 'Rangka plafond hollow A Plus 4x4 cm ', 'BAHAN', 'btg', 2, 0.742, 1.484, '2026-04-19 04:51:29', '2026-04-19 04:51:29'),
(426, 74, 219, 'Rangka plafond hollow A Plus 2x4 cm ', 'BAHAN', 'btg', 2, 0.742, 1.484, '2026-04-19 04:51:29', '2026-04-19 04:51:29'),
(427, 75, 143, 'Pekerja', 'TENAGA', 'Org/Hari', 0.19, 0.107, 0.02033, '2026-04-19 04:51:51', '2026-04-19 04:51:51'),
(428, 75, 129, 'Tukang listrik', 'TENAGA', 'OH', 0.318, 0.107, 0.034026, '2026-04-19 04:51:51', '2026-04-19 04:51:51'),
(429, 75, 121, 'Kepala tukang', 'TENAGA', 'OH', 0.032, 0.107, 0.003424, '2026-04-19 04:51:51', '2026-04-19 04:51:51'),
(430, 75, 117, 'Mandor', 'TENAGA', 'OH', 0.011, 0.107, 0.001177, '2026-04-19 04:51:51', '2026-04-19 04:51:51'),
(431, 75, 197, 'Kabel NYM 3 x 2.5 mm ex. Supreme', 'BAHAN', 'm', 8.8, 0.107, 0.9416, '2026-04-19 04:51:51', '2026-04-19 04:51:51'),
(432, 75, 198, 'Pipa clipsal 20 mm', 'BAHAN', 'm', 8.8, 0.107, 0.9416, '2026-04-19 04:51:51', '2026-04-19 04:51:51'),
(433, 75, 199, 'Tee dos clipsal 20 mm', 'BAHAN', 'bh', 1, 0.107, 0.107, '2026-04-19 04:51:51', '2026-04-19 04:51:51'),
(434, 75, 200, 'Sock clipsal 20 mm', 'BAHAN', 'bh', 5, 0.107, 0.535, '2026-04-19 04:51:51', '2026-04-19 04:51:51'),
(435, 75, 201, 'Isolasi /4', 'BAHAN', 'm', 0.5, 0.107, 0.0535, '2026-04-19 04:51:51', '2026-04-19 04:51:51'),
(436, 75, 202, 'Flexible Conduit 20 mm', 'BAHAN', 'm', 1, 0.107, 0.107, '2026-04-19 04:51:51', '2026-04-19 04:51:51'),
(437, 75, 203, 'Klem clipsal 20 mm', 'BAHAN', 'bh', 10, 0.107, 1.07, '2026-04-19 04:51:51', '2026-04-19 04:51:51'),
(438, 75, 204, 'Fisher S5 + Skrup', 'BAHAN', 'bh', 15, 0.107, 1.605, '2026-04-19 04:51:51', '2026-04-19 04:51:51'),
(439, 75, 205, 'Elbow', 'BAHAN', 'bh', 4, 0.107, 0.428, '2026-04-19 04:51:51', '2026-04-19 04:51:51'),
(440, 75, 206, 'Lasdop', 'BAHAN', 'bh', 4, 0.107, 0.428, '2026-04-19 04:51:51', '2026-04-19 04:51:51'),
(441, 76, 228, 'Pekerja Dua', 'TENAGA', 'OH', 1, 1.481, 1.481, '2026-04-19 04:53:12', '2026-04-19 04:53:12'),
(442, 77, 143, 'Pekerja', 'TENAGA', 'Org/Hari', 0.1, 1.333, 0.1333, '2026-04-19 04:53:25', '2026-04-19 04:53:25'),
(443, 77, 138, 'Tukang kayu', 'TENAGA', 'OH', 0.05, 1.333, 0.06665, '2026-04-19 04:53:25', '2026-04-19 04:53:25'),
(444, 77, 122, 'Tukang Besi', 'TENAGA', 'OH', 0.35, 1.333, 0.46655, '2026-04-19 04:53:25', '2026-04-19 04:53:25'),
(445, 77, 121, 'Kepala tukang', 'TENAGA', 'OH', 0.005, 1.333, 0.006665, '2026-04-19 04:53:25', '2026-04-19 04:53:25'),
(446, 77, 117, 'Mandor', 'TENAGA', 'OH', 0.0017, 1.333, 0.002266, '2026-04-19 04:53:25', '2026-04-19 04:53:25'),
(447, 77, 226, 'Plafond UPVC Adaron putih polos', 'BAHAN', 'lbr', 1.3125, 1.333, 1.74956, '2026-04-19 04:53:25', '2026-04-19 04:53:25'),
(448, 77, 221, 'Paku skrup 2', 'BAHAN', 'kg', 0.11, 1.333, 0.14663, '2026-04-19 04:53:25', '2026-04-19 04:53:25'),
(449, 77, 220, 'Rangka plafond hollow A Plus 4x4 cm ', 'BAHAN', 'btg', 2, 1.333, 2.666, '2026-04-19 04:53:25', '2026-04-19 04:53:25'),
(450, 77, 219, 'Rangka plafond hollow A Plus 2x4 cm ', 'BAHAN', 'btg', 2, 1.333, 2.666, '2026-04-19 04:53:25', '2026-04-19 04:53:25'),
(451, 78, 228, 'Pekerja Dua', 'TENAGA', 'OH', 1, 1.027, 1.027, '2026-04-19 04:53:35', '2026-04-19 04:53:35'),
(452, 79, 143, 'Pekerja', 'TENAGA', 'Org/Hari', 0.1, 0.925, 0.0925, '2026-04-19 04:53:45', '2026-04-19 04:53:45'),
(453, 79, 138, 'Tukang kayu', 'TENAGA', 'OH', 0.05, 0.925, 0.04625, '2026-04-19 04:53:45', '2026-04-19 04:53:45'),
(454, 79, 122, 'Tukang Besi', 'TENAGA', 'OH', 0.35, 0.925, 0.32375, '2026-04-19 04:53:45', '2026-04-19 04:53:45'),
(455, 79, 121, 'Kepala tukang', 'TENAGA', 'OH', 0.005, 0.925, 0.004625, '2026-04-19 04:53:45', '2026-04-19 04:53:45'),
(456, 79, 117, 'Mandor', 'TENAGA', 'OH', 0.0017, 0.925, 0.001572, '2026-04-19 04:53:45', '2026-04-19 04:53:45'),
(457, 79, 226, 'Plafond UPVC Adaron putih polos', 'BAHAN', 'lbr', 1.3125, 0.925, 1.21406, '2026-04-19 04:53:45', '2026-04-19 04:53:45'),
(458, 79, 221, 'Paku skrup 2', 'BAHAN', 'kg', 0.11, 0.925, 0.10175, '2026-04-19 04:53:45', '2026-04-19 04:53:45'),
(459, 79, 220, 'Rangka plafond hollow A Plus 4x4 cm ', 'BAHAN', 'btg', 2, 0.925, 1.85, '2026-04-19 04:53:45', '2026-04-19 04:53:45'),
(460, 79, 219, 'Rangka plafond hollow A Plus 2x4 cm ', 'BAHAN', 'btg', 2, 0.925, 1.85, '2026-04-19 04:53:45', '2026-04-19 04:53:45'),
(461, 80, 143, 'Pekerja', 'TENAGA', 'Org/Hari', 0.129, 0.057, 0.007353, '2026-04-19 04:53:57', '2026-04-19 04:53:57'),
(462, 80, 129, 'Tukang listrik', 'TENAGA', 'OH', 0.215, 0.057, 0.012255, '2026-04-19 04:53:57', '2026-04-19 04:53:57'),
(463, 80, 121, 'Kepala tukang', 'TENAGA', 'OH', 0.021, 0.057, 0.001197, '2026-04-19 04:53:57', '2026-04-19 04:53:57'),
(464, 80, 117, 'Mandor', 'TENAGA', 'OH', 0.007, 0.057, 0.000399, '2026-04-19 04:53:57', '2026-04-19 04:53:57'),
(465, 80, 210, 'Cup lampu RMI merk SUI isi 2 lampu', 'BAHAN', 'bh', 1, 0.057, 0.057, '2026-04-19 04:53:57', '2026-04-19 04:53:57'),
(466, 80, 211, 'Lampu tube 8 watt philips LED', 'BAHAN', 'bh', 2, 0.057, 0.114, '2026-04-19 04:53:57', '2026-04-19 04:53:57'),
(467, 81, 143, 'Pekerja', 'TENAGA', 'Org/Hari', 0.1667, 0.083, 0.013836, '2026-04-19 04:54:26', '2026-04-19 04:54:26'),
(468, 81, 136, 'Tukang cat/pelitur', 'TENAGA', 'OH', 0.0833, 0.083, 0.006914, '2026-04-19 04:54:26', '2026-04-19 04:54:26'),
(469, 81, 121, 'Kepala tukang', 'TENAGA', 'OH', 0.0083, 0.083, 0.000689, '2026-04-19 04:54:26', '2026-04-19 04:54:26'),
(470, 81, 117, 'Mandor', 'TENAGA', 'OH', 0.0028, 0.083, 0.000232, '2026-04-19 04:54:26', '2026-04-19 04:54:26'),
(471, 81, 214, 'Mortar TM 290 Render (Plaster Sekaligus Acian) 50 kg', 'BAHAN', 'kg', 16.67, 0.083, 1.38361, '2026-04-19 04:54:26', '2026-04-19 04:54:26'),
(472, 82, 228, 'Pekerja Dua', 'TENAGA', 'OH', 1, 0.485, 0.485, '2026-04-19 04:54:55', '2026-04-19 04:54:55'),
(473, 83, 143, 'Pekerja', 'TENAGA', 'Org/Hari', 0.1, 0.388, 0.0388, '2026-04-19 04:55:09', '2026-04-19 04:55:09'),
(474, 83, 138, 'Tukang kayu', 'TENAGA', 'OH', 0.05, 0.388, 0.0194, '2026-04-19 04:55:09', '2026-04-19 04:55:09'),
(475, 83, 122, 'Tukang Besi', 'TENAGA', 'OH', 0.35, 0.388, 0.1358, '2026-04-19 04:55:09', '2026-04-19 04:55:09'),
(476, 83, 121, 'Kepala tukang', 'TENAGA', 'OH', 0.005, 0.388, 0.00194, '2026-04-19 04:55:09', '2026-04-19 04:55:09'),
(477, 83, 117, 'Mandor', 'TENAGA', 'OH', 0.0017, 0.388, 0.00066, '2026-04-19 04:55:09', '2026-04-19 04:55:09'),
(478, 83, 226, 'Plafond UPVC Adaron putih polos', 'BAHAN', 'lbr', 1.3125, 0.388, 0.50925, '2026-04-19 04:55:09', '2026-04-19 04:55:09'),
(479, 83, 221, 'Paku skrup 2', 'BAHAN', 'kg', 0.11, 0.388, 0.04268, '2026-04-19 04:55:09', '2026-04-19 04:55:09'),
(480, 83, 220, 'Rangka plafond hollow A Plus 4x4 cm ', 'BAHAN', 'btg', 2, 0.388, 0.776, '2026-04-19 04:55:09', '2026-04-19 04:55:09'),
(481, 83, 219, 'Rangka plafond hollow A Plus 2x4 cm ', 'BAHAN', 'btg', 2, 0.388, 0.776, '2026-04-19 04:55:09', '2026-04-19 04:55:09'),
(482, 38, 143, 'Pekerja', 'TENAGA', 'Org/Hari', 0.0667, 21.506, 1.43445, '2026-04-19 05:35:21', '2026-04-19 05:35:21'),
(483, 38, 136, 'Tukang cat/pelitur', 'TENAGA', 'OH', 0.0667, 21.506, 1.43445, '2026-04-19 05:35:21', '2026-04-19 05:35:21'),
(484, 38, 121, 'Kepala tukang', 'TENAGA', 'OH', 0.0067, 21.506, 0.14409, '2026-04-19 05:35:21', '2026-04-19 05:35:21'),
(485, 38, 117, 'Mandor', 'TENAGA', 'OH', 0.0022, 21.506, 0.047313, '2026-04-19 05:35:21', '2026-04-19 05:35:21'),
(486, 38, 212, 'Alkali killer sealer nippon paint', 'BAHAN', 'kg', 0.1, 21.506, 2.1506, '2026-04-19 05:35:21', '2026-04-19 05:35:21'),
(487, 38, 213, 'Cat Tembok Spotless plus warna standar (cat anti noda dan anti virus) nippon paint', 'BAHAN', 'kg', 0.26, 21.506, 5.59156, '2026-04-19 05:35:21', '2026-04-19 05:35:21'),
(488, 84, 228, 'Pekerja Dua', 'TENAGA', 'OH', 1, 2.958, 2.958, '2026-04-19 05:37:19', '2026-04-19 05:37:19'),
(489, 85, 143, 'Pekerja', 'TENAGA', 'Org/Hari', 0.1, 1.549, 0.1549, '2026-04-19 05:37:51', '2026-04-19 05:37:51'),
(490, 85, 138, 'Tukang kayu', 'TENAGA', 'OH', 0.05, 1.549, 0.07745, '2026-04-19 05:37:51', '2026-04-19 05:37:51'),
(491, 85, 122, 'Tukang Besi', 'TENAGA', 'OH', 0.35, 1.549, 0.54215, '2026-04-19 05:37:51', '2026-04-19 05:37:51'),
(492, 85, 121, 'Kepala tukang', 'TENAGA', 'OH', 0.005, 1.549, 0.007745, '2026-04-19 05:37:51', '2026-04-19 05:37:51'),
(493, 85, 117, 'Mandor', 'TENAGA', 'OH', 0.0017, 1.549, 0.002633, '2026-04-19 05:37:51', '2026-04-19 05:37:51'),
(494, 85, 226, 'Plafond UPVC Adaron putih polos', 'BAHAN', 'lbr', 1.3125, 1.549, 2.03306, '2026-04-19 05:37:51', '2026-04-19 05:37:51'),
(495, 85, 221, 'Paku skrup 2', 'BAHAN', 'kg', 0.11, 1.549, 0.17039, '2026-04-19 05:37:51', '2026-04-19 05:37:51'),
(496, 85, 220, 'Rangka plafond hollow A Plus 4x4 cm ', 'BAHAN', 'btg', 2, 1.549, 3.098, '2026-04-19 05:37:51', '2026-04-19 05:37:51'),
(497, 85, 219, 'Rangka plafond hollow A Plus 2x4 cm ', 'BAHAN', 'btg', 2, 1.549, 3.098, '2026-04-19 05:37:51', '2026-04-19 05:37:51'),
(498, 86, 143, 'Pekerja', 'TENAGA', 'Org/Hari', 0.1, 0.742, 0.0742, '2026-04-19 05:38:04', '2026-04-19 05:38:04'),
(499, 86, 138, 'Tukang kayu', 'TENAGA', 'OH', 0.05, 0.742, 0.0371, '2026-04-19 05:38:04', '2026-04-19 05:38:04'),
(500, 86, 122, 'Tukang Besi', 'TENAGA', 'OH', 0.35, 0.742, 0.2597, '2026-04-19 05:38:04', '2026-04-19 05:38:04'),
(501, 86, 121, 'Kepala tukang', 'TENAGA', 'OH', 0.005, 0.742, 0.00371, '2026-04-19 05:38:04', '2026-04-19 05:38:04'),
(502, 86, 117, 'Mandor', 'TENAGA', 'OH', 0.0017, 0.742, 0.001261, '2026-04-19 05:38:04', '2026-04-19 05:38:04'),
(503, 86, 225, 'Plafond UPVC Adaron motif kayu', 'BAHAN', 'lbr', 1.3125, 0.742, 0.973875, '2026-04-19 05:38:04', '2026-04-19 05:38:04'),
(504, 86, 221, 'Paku skrup 2', 'BAHAN', 'kg', 0.11, 0.742, 0.08162, '2026-04-19 05:38:04', '2026-04-19 05:38:04'),
(505, 86, 220, 'Rangka plafond hollow A Plus 4x4 cm ', 'BAHAN', 'btg', 2, 0.742, 1.484, '2026-04-19 05:38:04', '2026-04-19 05:38:04'),
(506, 86, 219, 'Rangka plafond hollow A Plus 2x4 cm ', 'BAHAN', 'btg', 2, 0.742, 1.484, '2026-04-19 05:38:04', '2026-04-19 05:38:04'),
(507, 87, 143, 'Pekerja', 'TENAGA', 'Org/Hari', 0.19, 0.107, 0.02033, '2026-04-19 05:38:18', '2026-04-19 05:38:18');
INSERT INTO `daily_progress_items` (`id`, `daily_progress_id`, `item_id`, `nama`, `tipe`, `satuan`, `koef`, `volume`, `hasil`, `createdAt`, `updatedAt`) VALUES
(508, 87, 129, 'Tukang listrik', 'TENAGA', 'OH', 0.318, 0.107, 0.034026, '2026-04-19 05:38:18', '2026-04-19 05:38:18'),
(509, 87, 121, 'Kepala tukang', 'TENAGA', 'OH', 0.032, 0.107, 0.003424, '2026-04-19 05:38:18', '2026-04-19 05:38:18'),
(510, 87, 117, 'Mandor', 'TENAGA', 'OH', 0.011, 0.107, 0.001177, '2026-04-19 05:38:18', '2026-04-19 05:38:18'),
(511, 87, 197, 'Kabel NYM 3 x 2.5 mm ex. Supreme', 'BAHAN', 'm', 8.8, 0.107, 0.9416, '2026-04-19 05:38:18', '2026-04-19 05:38:18'),
(512, 87, 198, 'Pipa clipsal 20 mm', 'BAHAN', 'm', 8.8, 0.107, 0.9416, '2026-04-19 05:38:18', '2026-04-19 05:38:18'),
(513, 87, 199, 'Tee dos clipsal 20 mm', 'BAHAN', 'bh', 1, 0.107, 0.107, '2026-04-19 05:38:18', '2026-04-19 05:38:18'),
(514, 87, 200, 'Sock clipsal 20 mm', 'BAHAN', 'bh', 5, 0.107, 0.535, '2026-04-19 05:38:18', '2026-04-19 05:38:18'),
(515, 87, 201, 'Isolasi /4', 'BAHAN', 'm', 0.5, 0.107, 0.0535, '2026-04-19 05:38:18', '2026-04-19 05:38:18'),
(516, 87, 202, 'Flexible Conduit 20 mm', 'BAHAN', 'm', 1, 0.107, 0.107, '2026-04-19 05:38:18', '2026-04-19 05:38:18'),
(517, 87, 203, 'Klem clipsal 20 mm', 'BAHAN', 'bh', 10, 0.107, 1.07, '2026-04-19 05:38:18', '2026-04-19 05:38:18'),
(518, 87, 204, 'Fisher S5 + Skrup', 'BAHAN', 'bh', 15, 0.107, 1.605, '2026-04-19 05:38:18', '2026-04-19 05:38:18'),
(519, 87, 205, 'Elbow', 'BAHAN', 'bh', 4, 0.107, 0.428, '2026-04-19 05:38:18', '2026-04-19 05:38:18'),
(520, 87, 206, 'Lasdop', 'BAHAN', 'bh', 4, 0.107, 0.428, '2026-04-19 05:38:18', '2026-04-19 05:38:18'),
(521, 88, 228, 'Pekerja Dua', 'TENAGA', 'OH', 1, 1.481, 1.481, '2026-04-19 05:38:57', '2026-04-19 05:38:57'),
(523, 90, 228, 'Pekerja Dua', 'TENAGA', 'OH', 1, 1.027, 1.027, '2026-04-19 05:39:13', '2026-04-19 05:39:13'),
(524, 91, 143, 'Pekerja', 'TENAGA', 'Org/Hari', 0.1, 0.925, 0.0925, '2026-04-19 05:39:32', '2026-04-19 05:39:32'),
(525, 91, 138, 'Tukang kayu', 'TENAGA', 'OH', 0.05, 0.925, 0.04625, '2026-04-19 05:39:32', '2026-04-19 05:39:32'),
(526, 91, 122, 'Tukang Besi', 'TENAGA', 'OH', 0.35, 0.925, 0.32375, '2026-04-19 05:39:32', '2026-04-19 05:39:32'),
(527, 91, 121, 'Kepala tukang', 'TENAGA', 'OH', 0.005, 0.925, 0.004625, '2026-04-19 05:39:32', '2026-04-19 05:39:32'),
(528, 91, 117, 'Mandor', 'TENAGA', 'OH', 0.0017, 0.925, 0.001572, '2026-04-19 05:39:32', '2026-04-19 05:39:32'),
(529, 91, 226, 'Plafond UPVC Adaron putih polos', 'BAHAN', 'lbr', 1.3125, 0.925, 1.21406, '2026-04-19 05:39:32', '2026-04-19 05:39:32'),
(530, 91, 221, 'Paku skrup 2', 'BAHAN', 'kg', 0.11, 0.925, 0.10175, '2026-04-19 05:39:32', '2026-04-19 05:39:32'),
(531, 91, 220, 'Rangka plafond hollow A Plus 4x4 cm ', 'BAHAN', 'btg', 2, 0.925, 1.85, '2026-04-19 05:39:32', '2026-04-19 05:39:32'),
(532, 91, 219, 'Rangka plafond hollow A Plus 2x4 cm ', 'BAHAN', 'btg', 2, 0.925, 1.85, '2026-04-19 05:39:32', '2026-04-19 05:39:32'),
(533, 92, 143, 'Pekerja', 'TENAGA', 'Org/Hari', 0.129, 0.057, 0.007353, '2026-04-19 05:39:43', '2026-04-19 05:39:43'),
(534, 92, 129, 'Tukang listrik', 'TENAGA', 'OH', 0.215, 0.057, 0.012255, '2026-04-19 05:39:43', '2026-04-19 05:39:43'),
(535, 92, 121, 'Kepala tukang', 'TENAGA', 'OH', 0.021, 0.057, 0.001197, '2026-04-19 05:39:43', '2026-04-19 05:39:43'),
(536, 92, 117, 'Mandor', 'TENAGA', 'OH', 0.007, 0.057, 0.000399, '2026-04-19 05:39:43', '2026-04-19 05:39:43'),
(537, 92, 210, 'Cup lampu RMI merk SUI isi 2 lampu', 'BAHAN', 'bh', 1, 0.057, 0.057, '2026-04-19 05:39:43', '2026-04-19 05:39:43'),
(538, 92, 211, 'Lampu tube 8 watt philips LED', 'BAHAN', 'bh', 2, 0.057, 0.114, '2026-04-19 05:39:43', '2026-04-19 05:39:43'),
(539, 93, 143, 'Pekerja', 'TENAGA', 'Org/Hari', 0.1667, 0.083, 0.013836, '2026-04-19 05:39:57', '2026-04-19 05:39:57'),
(540, 93, 136, 'Tukang cat/pelitur', 'TENAGA', 'OH', 0.0833, 0.083, 0.006914, '2026-04-19 05:39:57', '2026-04-19 05:39:57'),
(541, 93, 121, 'Kepala tukang', 'TENAGA', 'OH', 0.0083, 0.083, 0.000689, '2026-04-19 05:39:57', '2026-04-19 05:39:57'),
(542, 93, 117, 'Mandor', 'TENAGA', 'OH', 0.0028, 0.083, 0.000232, '2026-04-19 05:39:57', '2026-04-19 05:39:57'),
(543, 93, 214, 'Mortar TM 290 Render (Plaster Sekaligus Acian) 50 kg', 'BAHAN', 'kg', 16.67, 0.083, 1.38361, '2026-04-19 05:39:57', '2026-04-19 05:39:57'),
(544, 94, 228, 'Pekerja Dua', 'TENAGA', 'OH', 1, 0.485, 0.485, '2026-04-19 05:40:25', '2026-04-19 05:40:25'),
(545, 95, 143, 'Pekerja', 'TENAGA', 'Org/Hari', 0.1, 0.388, 0.0388, '2026-04-19 05:40:40', '2026-04-19 05:40:40'),
(546, 95, 138, 'Tukang kayu', 'TENAGA', 'OH', 0.05, 0.388, 0.0194, '2026-04-19 05:40:40', '2026-04-19 05:40:40'),
(547, 95, 122, 'Tukang Besi', 'TENAGA', 'OH', 0.35, 0.388, 0.1358, '2026-04-19 05:40:40', '2026-04-19 05:40:40'),
(548, 95, 121, 'Kepala tukang', 'TENAGA', 'OH', 0.005, 0.388, 0.00194, '2026-04-19 05:40:40', '2026-04-19 05:40:40'),
(549, 95, 117, 'Mandor', 'TENAGA', 'OH', 0.0017, 0.388, 0.00066, '2026-04-19 05:40:40', '2026-04-19 05:40:40'),
(550, 95, 226, 'Plafond UPVC Adaron putih polos', 'BAHAN', 'lbr', 1.3125, 0.388, 0.50925, '2026-04-19 05:40:40', '2026-04-19 05:40:40'),
(551, 95, 221, 'Paku skrup 2', 'BAHAN', 'kg', 0.11, 0.388, 0.04268, '2026-04-19 05:40:40', '2026-04-19 05:40:40'),
(552, 95, 220, 'Rangka plafond hollow A Plus 4x4 cm ', 'BAHAN', 'btg', 2, 0.388, 0.776, '2026-04-19 05:40:40', '2026-04-19 05:40:40'),
(553, 95, 219, 'Rangka plafond hollow A Plus 2x4 cm ', 'BAHAN', 'btg', 2, 0.388, 0.776, '2026-04-19 05:40:40', '2026-04-19 05:40:40'),
(554, 96, 228, 'Pekerja Dua', 'TENAGA', 'OH', 1, 2.958, 2.958, '2026-04-19 05:41:02', '2026-04-19 05:41:02'),
(555, 97, 143, 'Pekerja', 'TENAGA', 'Org/Hari', 0.1, 1.549, 0.1549, '2026-04-19 05:41:26', '2026-04-19 05:41:26'),
(556, 97, 138, 'Tukang kayu', 'TENAGA', 'OH', 0.05, 1.549, 0.07745, '2026-04-19 05:41:26', '2026-04-19 05:41:26'),
(557, 97, 122, 'Tukang Besi', 'TENAGA', 'OH', 0.35, 1.549, 0.54215, '2026-04-19 05:41:26', '2026-04-19 05:41:26'),
(558, 97, 121, 'Kepala tukang', 'TENAGA', 'OH', 0.005, 1.549, 0.007745, '2026-04-19 05:41:26', '2026-04-19 05:41:26'),
(559, 97, 117, 'Mandor', 'TENAGA', 'OH', 0.0017, 1.549, 0.002633, '2026-04-19 05:41:26', '2026-04-19 05:41:26'),
(560, 97, 226, 'Plafond UPVC Adaron putih polos', 'BAHAN', 'lbr', 1.3125, 1.549, 2.03306, '2026-04-19 05:41:26', '2026-04-19 05:41:26'),
(561, 97, 221, 'Paku skrup 2', 'BAHAN', 'kg', 0.11, 1.549, 0.17039, '2026-04-19 05:41:26', '2026-04-19 05:41:26'),
(562, 97, 220, 'Rangka plafond hollow A Plus 4x4 cm ', 'BAHAN', 'btg', 2, 1.549, 3.098, '2026-04-19 05:41:26', '2026-04-19 05:41:26'),
(563, 97, 219, 'Rangka plafond hollow A Plus 2x4 cm ', 'BAHAN', 'btg', 2, 1.549, 3.098, '2026-04-19 05:41:26', '2026-04-19 05:41:26'),
(564, 98, 143, 'Pekerja', 'TENAGA', 'Org/Hari', 0.1, 0.742, 0.0742, '2026-04-19 05:41:41', '2026-04-19 05:41:41'),
(565, 98, 138, 'Tukang kayu', 'TENAGA', 'OH', 0.05, 0.742, 0.0371, '2026-04-19 05:41:41', '2026-04-19 05:41:41'),
(566, 98, 122, 'Tukang Besi', 'TENAGA', 'OH', 0.35, 0.742, 0.2597, '2026-04-19 05:41:41', '2026-04-19 05:41:41'),
(567, 98, 121, 'Kepala tukang', 'TENAGA', 'OH', 0.005, 0.742, 0.00371, '2026-04-19 05:41:41', '2026-04-19 05:41:41'),
(568, 98, 117, 'Mandor', 'TENAGA', 'OH', 0.0017, 0.742, 0.001261, '2026-04-19 05:41:41', '2026-04-19 05:41:41'),
(569, 98, 225, 'Plafond UPVC Adaron motif kayu', 'BAHAN', 'lbr', 1.3125, 0.742, 0.973875, '2026-04-19 05:41:41', '2026-04-19 05:41:41'),
(570, 98, 221, 'Paku skrup 2', 'BAHAN', 'kg', 0.11, 0.742, 0.08162, '2026-04-19 05:41:41', '2026-04-19 05:41:41'),
(571, 98, 220, 'Rangka plafond hollow A Plus 4x4 cm ', 'BAHAN', 'btg', 2, 0.742, 1.484, '2026-04-19 05:41:41', '2026-04-19 05:41:41'),
(572, 98, 219, 'Rangka plafond hollow A Plus 2x4 cm ', 'BAHAN', 'btg', 2, 0.742, 1.484, '2026-04-19 05:41:41', '2026-04-19 05:41:41'),
(573, 99, 143, 'Pekerja', 'TENAGA', 'Org/Hari', 0.19, 0.107, 0.02033, '2026-04-19 05:41:54', '2026-04-19 05:41:54'),
(574, 99, 129, 'Tukang listrik', 'TENAGA', 'OH', 0.318, 0.107, 0.034026, '2026-04-19 05:41:54', '2026-04-19 05:41:54'),
(575, 99, 121, 'Kepala tukang', 'TENAGA', 'OH', 0.032, 0.107, 0.003424, '2026-04-19 05:41:54', '2026-04-19 05:41:54'),
(576, 99, 117, 'Mandor', 'TENAGA', 'OH', 0.011, 0.107, 0.001177, '2026-04-19 05:41:54', '2026-04-19 05:41:54'),
(577, 99, 197, 'Kabel NYM 3 x 2.5 mm ex. Supreme', 'BAHAN', 'm', 8.8, 0.107, 0.9416, '2026-04-19 05:41:54', '2026-04-19 05:41:54'),
(578, 99, 198, 'Pipa clipsal 20 mm', 'BAHAN', 'm', 8.8, 0.107, 0.9416, '2026-04-19 05:41:54', '2026-04-19 05:41:54'),
(579, 99, 199, 'Tee dos clipsal 20 mm', 'BAHAN', 'bh', 1, 0.107, 0.107, '2026-04-19 05:41:54', '2026-04-19 05:41:54'),
(580, 99, 200, 'Sock clipsal 20 mm', 'BAHAN', 'bh', 5, 0.107, 0.535, '2026-04-19 05:41:54', '2026-04-19 05:41:54'),
(581, 99, 201, 'Isolasi /4', 'BAHAN', 'm', 0.5, 0.107, 0.0535, '2026-04-19 05:41:54', '2026-04-19 05:41:54'),
(582, 99, 202, 'Flexible Conduit 20 mm', 'BAHAN', 'm', 1, 0.107, 0.107, '2026-04-19 05:41:54', '2026-04-19 05:41:54'),
(583, 99, 203, 'Klem clipsal 20 mm', 'BAHAN', 'bh', 10, 0.107, 1.07, '2026-04-19 05:41:54', '2026-04-19 05:41:54'),
(584, 99, 204, 'Fisher S5 + Skrup', 'BAHAN', 'bh', 15, 0.107, 1.605, '2026-04-19 05:41:54', '2026-04-19 05:41:54'),
(585, 99, 205, 'Elbow', 'BAHAN', 'bh', 4, 0.107, 0.428, '2026-04-19 05:41:54', '2026-04-19 05:41:54'),
(586, 99, 206, 'Lasdop', 'BAHAN', 'bh', 4, 0.107, 0.428, '2026-04-19 05:41:54', '2026-04-19 05:41:54'),
(587, 89, 143, 'Pekerja', 'TENAGA', 'Org/Hari', 0.1, 1.333, 0.1333, '2026-04-19 05:43:18', '2026-04-19 05:43:18'),
(588, 89, 138, 'Tukang kayu', 'TENAGA', 'OH', 0.05, 1.333, 0.06665, '2026-04-19 05:43:18', '2026-04-19 05:43:18'),
(589, 89, 122, 'Tukang Besi', 'TENAGA', 'OH', 0.35, 1.333, 0.46655, '2026-04-19 05:43:18', '2026-04-19 05:43:18'),
(590, 89, 121, 'Kepala tukang', 'TENAGA', 'OH', 0.005, 1.333, 0.006665, '2026-04-19 05:43:18', '2026-04-19 05:43:18'),
(591, 89, 117, 'Mandor', 'TENAGA', 'OH', 0.0017, 1.333, 0.002266, '2026-04-19 05:43:18', '2026-04-19 05:43:18'),
(592, 89, 226, 'Plafond UPVC Adaron putih polos', 'BAHAN', 'lbr', 1.3125, 1.333, 1.74956, '2026-04-19 05:43:18', '2026-04-19 05:43:18'),
(593, 89, 221, 'Paku skrup 2', 'BAHAN', 'kg', 0.11, 1.333, 0.14663, '2026-04-19 05:43:18', '2026-04-19 05:43:18'),
(594, 89, 220, 'Rangka plafond hollow A Plus 4x4 cm ', 'BAHAN', 'btg', 2, 1.333, 2.666, '2026-04-19 05:43:18', '2026-04-19 05:43:18'),
(595, 89, 219, 'Rangka plafond hollow A Plus 2x4 cm ', 'BAHAN', 'btg', 2, 1.333, 2.666, '2026-04-19 05:43:18', '2026-04-19 05:43:18'),
(596, 100, 228, 'Pekerja Dua', 'TENAGA', 'OH', 1, 1.481, 1.481, '2026-04-19 05:44:19', '2026-04-19 05:44:19'),
(597, 101, 143, 'Pekerja', 'TENAGA', 'Org/Hari', 0.1, 1.333, 0.1333, '2026-04-19 05:44:29', '2026-04-19 05:44:29'),
(598, 101, 138, 'Tukang kayu', 'TENAGA', 'OH', 0.05, 1.333, 0.06665, '2026-04-19 05:44:29', '2026-04-19 05:44:29'),
(599, 101, 122, 'Tukang Besi', 'TENAGA', 'OH', 0.35, 1.333, 0.46655, '2026-04-19 05:44:29', '2026-04-19 05:44:29'),
(600, 101, 121, 'Kepala tukang', 'TENAGA', 'OH', 0.005, 1.333, 0.006665, '2026-04-19 05:44:29', '2026-04-19 05:44:29'),
(601, 101, 117, 'Mandor', 'TENAGA', 'OH', 0.0017, 1.333, 0.002266, '2026-04-19 05:44:29', '2026-04-19 05:44:29'),
(602, 101, 226, 'Plafond UPVC Adaron putih polos', 'BAHAN', 'lbr', 1.3125, 1.333, 1.74956, '2026-04-19 05:44:29', '2026-04-19 05:44:29'),
(603, 101, 221, 'Paku skrup 2', 'BAHAN', 'kg', 0.11, 1.333, 0.14663, '2026-04-19 05:44:29', '2026-04-19 05:44:29'),
(604, 101, 220, 'Rangka plafond hollow A Plus 4x4 cm ', 'BAHAN', 'btg', 2, 1.333, 2.666, '2026-04-19 05:44:29', '2026-04-19 05:44:29'),
(605, 101, 219, 'Rangka plafond hollow A Plus 2x4 cm ', 'BAHAN', 'btg', 2, 1.333, 2.666, '2026-04-19 05:44:29', '2026-04-19 05:44:29'),
(606, 102, 228, 'Pekerja Dua', 'TENAGA', 'OH', 1, 1.027, 1.027, '2026-04-19 05:44:40', '2026-04-19 05:44:40'),
(607, 103, 143, 'Pekerja', 'TENAGA', 'Org/Hari', 0.1, 0.925, 0.0925, '2026-04-19 05:44:52', '2026-04-19 05:44:52'),
(608, 103, 138, 'Tukang kayu', 'TENAGA', 'OH', 0.05, 0.925, 0.04625, '2026-04-19 05:44:52', '2026-04-19 05:44:52'),
(609, 103, 122, 'Tukang Besi', 'TENAGA', 'OH', 0.35, 0.925, 0.32375, '2026-04-19 05:44:52', '2026-04-19 05:44:52'),
(610, 103, 121, 'Kepala tukang', 'TENAGA', 'OH', 0.005, 0.925, 0.004625, '2026-04-19 05:44:52', '2026-04-19 05:44:52'),
(611, 103, 117, 'Mandor', 'TENAGA', 'OH', 0.0017, 0.925, 0.001572, '2026-04-19 05:44:52', '2026-04-19 05:44:52'),
(612, 103, 226, 'Plafond UPVC Adaron putih polos', 'BAHAN', 'lbr', 1.3125, 0.925, 1.21406, '2026-04-19 05:44:52', '2026-04-19 05:44:52'),
(613, 103, 221, 'Paku skrup 2', 'BAHAN', 'kg', 0.11, 0.925, 0.10175, '2026-04-19 05:44:52', '2026-04-19 05:44:52'),
(614, 103, 220, 'Rangka plafond hollow A Plus 4x4 cm ', 'BAHAN', 'btg', 2, 0.925, 1.85, '2026-04-19 05:44:52', '2026-04-19 05:44:52'),
(615, 103, 219, 'Rangka plafond hollow A Plus 2x4 cm ', 'BAHAN', 'btg', 2, 0.925, 1.85, '2026-04-19 05:44:52', '2026-04-19 05:44:52'),
(616, 104, 143, 'Pekerja', 'TENAGA', 'Org/Hari', 0.129, 0.057, 0.007353, '2026-04-19 05:45:05', '2026-04-19 05:45:05'),
(617, 104, 129, 'Tukang listrik', 'TENAGA', 'OH', 0.215, 0.057, 0.012255, '2026-04-19 05:45:05', '2026-04-19 05:45:05'),
(618, 104, 121, 'Kepala tukang', 'TENAGA', 'OH', 0.021, 0.057, 0.001197, '2026-04-19 05:45:05', '2026-04-19 05:45:05'),
(619, 104, 117, 'Mandor', 'TENAGA', 'OH', 0.007, 0.057, 0.000399, '2026-04-19 05:45:05', '2026-04-19 05:45:05'),
(620, 104, 210, 'Cup lampu RMI merk SUI isi 2 lampu', 'BAHAN', 'bh', 1, 0.057, 0.057, '2026-04-19 05:45:05', '2026-04-19 05:45:05'),
(621, 104, 211, 'Lampu tube 8 watt philips LED', 'BAHAN', 'bh', 2, 0.057, 0.114, '2026-04-19 05:45:05', '2026-04-19 05:45:05'),
(622, 105, 143, 'Pekerja', 'TENAGA', 'Org/Hari', 0.1667, 0.083, 0.013836, '2026-04-19 05:45:18', '2026-04-19 05:45:18'),
(623, 105, 136, 'Tukang cat/pelitur', 'TENAGA', 'OH', 0.0833, 0.083, 0.006914, '2026-04-19 05:45:18', '2026-04-19 05:45:18'),
(624, 105, 121, 'Kepala tukang', 'TENAGA', 'OH', 0.0083, 0.083, 0.000689, '2026-04-19 05:45:18', '2026-04-19 05:45:18'),
(625, 105, 117, 'Mandor', 'TENAGA', 'OH', 0.0028, 0.083, 0.000232, '2026-04-19 05:45:18', '2026-04-19 05:45:18'),
(626, 105, 214, 'Mortar TM 290 Render (Plaster Sekaligus Acian) 50 kg', 'BAHAN', 'kg', 16.67, 0.083, 1.38361, '2026-04-19 05:45:18', '2026-04-19 05:45:18'),
(627, 106, 228, 'Pekerja Dua', 'TENAGA', 'OH', 1, 0.485, 0.485, '2026-04-19 05:46:05', '2026-04-19 05:46:05'),
(628, 107, 143, 'Pekerja', 'TENAGA', 'Org/Hari', 0.1, 0.388, 0.0388, '2026-04-19 05:46:24', '2026-04-19 05:46:24'),
(629, 107, 138, 'Tukang kayu', 'TENAGA', 'OH', 0.05, 0.388, 0.0194, '2026-04-19 05:46:24', '2026-04-19 05:46:24'),
(630, 107, 122, 'Tukang Besi', 'TENAGA', 'OH', 0.35, 0.388, 0.1358, '2026-04-19 05:46:24', '2026-04-19 05:46:24'),
(631, 107, 121, 'Kepala tukang', 'TENAGA', 'OH', 0.005, 0.388, 0.00194, '2026-04-19 05:46:24', '2026-04-19 05:46:24'),
(632, 107, 117, 'Mandor', 'TENAGA', 'OH', 0.0017, 0.388, 0.00066, '2026-04-19 05:46:24', '2026-04-19 05:46:24'),
(633, 107, 226, 'Plafond UPVC Adaron putih polos', 'BAHAN', 'lbr', 1.3125, 0.388, 0.50925, '2026-04-19 05:46:24', '2026-04-19 05:46:24'),
(634, 107, 221, 'Paku skrup 2', 'BAHAN', 'kg', 0.11, 0.388, 0.04268, '2026-04-19 05:46:24', '2026-04-19 05:46:24'),
(635, 107, 220, 'Rangka plafond hollow A Plus 4x4 cm ', 'BAHAN', 'btg', 2, 0.388, 0.776, '2026-04-19 05:46:24', '2026-04-19 05:46:24'),
(636, 107, 219, 'Rangka plafond hollow A Plus 2x4 cm ', 'BAHAN', 'btg', 2, 0.388, 0.776, '2026-04-19 05:46:24', '2026-04-19 05:46:24'),
(637, 108, 228, 'Pekerja Dua', 'TENAGA', 'OH', 1, 2.958, 2.958, '2026-04-19 05:46:43', '2026-04-19 05:46:43'),
(638, 109, 143, 'Pekerja', 'TENAGA', 'Org/Hari', 0.1, 1.549, 0.1549, '2026-04-19 05:47:01', '2026-04-19 05:47:01'),
(639, 109, 138, 'Tukang kayu', 'TENAGA', 'OH', 0.05, 1.549, 0.07745, '2026-04-19 05:47:01', '2026-04-19 05:47:01'),
(640, 109, 122, 'Tukang Besi', 'TENAGA', 'OH', 0.35, 1.549, 0.54215, '2026-04-19 05:47:01', '2026-04-19 05:47:01'),
(641, 109, 121, 'Kepala tukang', 'TENAGA', 'OH', 0.005, 1.549, 0.007745, '2026-04-19 05:47:01', '2026-04-19 05:47:01'),
(642, 109, 117, 'Mandor', 'TENAGA', 'OH', 0.0017, 1.549, 0.002633, '2026-04-19 05:47:01', '2026-04-19 05:47:01'),
(643, 109, 226, 'Plafond UPVC Adaron putih polos', 'BAHAN', 'lbr', 1.3125, 1.549, 2.03306, '2026-04-19 05:47:01', '2026-04-19 05:47:01'),
(644, 109, 221, 'Paku skrup 2', 'BAHAN', 'kg', 0.11, 1.549, 0.17039, '2026-04-19 05:47:01', '2026-04-19 05:47:01'),
(645, 109, 220, 'Rangka plafond hollow A Plus 4x4 cm ', 'BAHAN', 'btg', 2, 1.549, 3.098, '2026-04-19 05:47:01', '2026-04-19 05:47:01'),
(646, 109, 219, 'Rangka plafond hollow A Plus 2x4 cm ', 'BAHAN', 'btg', 2, 1.549, 3.098, '2026-04-19 05:47:01', '2026-04-19 05:47:01'),
(647, 110, 143, 'Pekerja', 'TENAGA', 'Org/Hari', 0.1, 0.742, 0.0742, '2026-04-19 05:47:11', '2026-04-19 05:47:11'),
(648, 110, 138, 'Tukang kayu', 'TENAGA', 'OH', 0.05, 0.742, 0.0371, '2026-04-19 05:47:11', '2026-04-19 05:47:11'),
(649, 110, 122, 'Tukang Besi', 'TENAGA', 'OH', 0.35, 0.742, 0.2597, '2026-04-19 05:47:11', '2026-04-19 05:47:11'),
(650, 110, 121, 'Kepala tukang', 'TENAGA', 'OH', 0.005, 0.742, 0.00371, '2026-04-19 05:47:11', '2026-04-19 05:47:11'),
(651, 110, 117, 'Mandor', 'TENAGA', 'OH', 0.0017, 0.742, 0.001261, '2026-04-19 05:47:11', '2026-04-19 05:47:11'),
(652, 110, 225, 'Plafond UPVC Adaron motif kayu', 'BAHAN', 'lbr', 1.3125, 0.742, 0.973875, '2026-04-19 05:47:11', '2026-04-19 05:47:11'),
(653, 110, 221, 'Paku skrup 2', 'BAHAN', 'kg', 0.11, 0.742, 0.08162, '2026-04-19 05:47:11', '2026-04-19 05:47:11'),
(654, 110, 220, 'Rangka plafond hollow A Plus 4x4 cm ', 'BAHAN', 'btg', 2, 0.742, 1.484, '2026-04-19 05:47:11', '2026-04-19 05:47:11'),
(655, 110, 219, 'Rangka plafond hollow A Plus 2x4 cm ', 'BAHAN', 'btg', 2, 0.742, 1.484, '2026-04-19 05:47:11', '2026-04-19 05:47:11'),
(656, 111, 143, 'Pekerja', 'TENAGA', 'Org/Hari', 0.19, 0.107, 0.02033, '2026-04-19 05:47:22', '2026-04-19 05:47:22'),
(657, 111, 129, 'Tukang listrik', 'TENAGA', 'OH', 0.318, 0.107, 0.034026, '2026-04-19 05:47:22', '2026-04-19 05:47:22'),
(658, 111, 121, 'Kepala tukang', 'TENAGA', 'OH', 0.032, 0.107, 0.003424, '2026-04-19 05:47:22', '2026-04-19 05:47:22'),
(659, 111, 117, 'Mandor', 'TENAGA', 'OH', 0.011, 0.107, 0.001177, '2026-04-19 05:47:22', '2026-04-19 05:47:22'),
(660, 111, 197, 'Kabel NYM 3 x 2.5 mm ex. Supreme', 'BAHAN', 'm', 8.8, 0.107, 0.9416, '2026-04-19 05:47:22', '2026-04-19 05:47:22'),
(661, 111, 198, 'Pipa clipsal 20 mm', 'BAHAN', 'm', 8.8, 0.107, 0.9416, '2026-04-19 05:47:22', '2026-04-19 05:47:22'),
(662, 111, 199, 'Tee dos clipsal 20 mm', 'BAHAN', 'bh', 1, 0.107, 0.107, '2026-04-19 05:47:22', '2026-04-19 05:47:22'),
(663, 111, 200, 'Sock clipsal 20 mm', 'BAHAN', 'bh', 5, 0.107, 0.535, '2026-04-19 05:47:22', '2026-04-19 05:47:22'),
(664, 111, 201, 'Isolasi /4', 'BAHAN', 'm', 0.5, 0.107, 0.0535, '2026-04-19 05:47:22', '2026-04-19 05:47:22'),
(665, 111, 202, 'Flexible Conduit 20 mm', 'BAHAN', 'm', 1, 0.107, 0.107, '2026-04-19 05:47:22', '2026-04-19 05:47:22'),
(666, 111, 203, 'Klem clipsal 20 mm', 'BAHAN', 'bh', 10, 0.107, 1.07, '2026-04-19 05:47:22', '2026-04-19 05:47:22'),
(667, 111, 204, 'Fisher S5 + Skrup', 'BAHAN', 'bh', 15, 0.107, 1.605, '2026-04-19 05:47:22', '2026-04-19 05:47:22'),
(668, 111, 205, 'Elbow', 'BAHAN', 'bh', 4, 0.107, 0.428, '2026-04-19 05:47:22', '2026-04-19 05:47:22'),
(669, 111, 206, 'Lasdop', 'BAHAN', 'bh', 4, 0.107, 0.428, '2026-04-19 05:47:22', '2026-04-19 05:47:22'),
(670, 112, 228, 'Pekerja Dua', 'TENAGA', 'OH', 1, 1.481, 1.481, '2026-04-19 05:47:44', '2026-04-19 05:47:44'),
(671, 113, 143, 'Pekerja', 'TENAGA', 'Org/Hari', 0.1, 1.333, 0.1333, '2026-04-19 05:47:51', '2026-04-19 05:47:51'),
(672, 113, 138, 'Tukang kayu', 'TENAGA', 'OH', 0.05, 1.333, 0.06665, '2026-04-19 05:47:51', '2026-04-19 05:47:51'),
(673, 113, 122, 'Tukang Besi', 'TENAGA', 'OH', 0.35, 1.333, 0.46655, '2026-04-19 05:47:51', '2026-04-19 05:47:51'),
(674, 113, 121, 'Kepala tukang', 'TENAGA', 'OH', 0.005, 1.333, 0.006665, '2026-04-19 05:47:51', '2026-04-19 05:47:51'),
(675, 113, 117, 'Mandor', 'TENAGA', 'OH', 0.0017, 1.333, 0.002266, '2026-04-19 05:47:51', '2026-04-19 05:47:51'),
(676, 113, 226, 'Plafond UPVC Adaron putih polos', 'BAHAN', 'lbr', 1.3125, 1.333, 1.74956, '2026-04-19 05:47:51', '2026-04-19 05:47:51'),
(677, 113, 221, 'Paku skrup 2', 'BAHAN', 'kg', 0.11, 1.333, 0.14663, '2026-04-19 05:47:51', '2026-04-19 05:47:51'),
(678, 113, 220, 'Rangka plafond hollow A Plus 4x4 cm ', 'BAHAN', 'btg', 2, 1.333, 2.666, '2026-04-19 05:47:51', '2026-04-19 05:47:51'),
(679, 113, 219, 'Rangka plafond hollow A Plus 2x4 cm ', 'BAHAN', 'btg', 2, 1.333, 2.666, '2026-04-19 05:47:51', '2026-04-19 05:47:51'),
(680, 114, 228, 'Pekerja Dua', 'TENAGA', 'OH', 1, 1.027, 1.027, '2026-04-19 05:48:00', '2026-04-19 05:48:00'),
(681, 115, 143, 'Pekerja', 'TENAGA', 'Org/Hari', 0.1, 0.925, 0.0925, '2026-04-19 05:48:14', '2026-04-19 05:48:14'),
(682, 115, 138, 'Tukang kayu', 'TENAGA', 'OH', 0.05, 0.925, 0.04625, '2026-04-19 05:48:14', '2026-04-19 05:48:14'),
(683, 115, 122, 'Tukang Besi', 'TENAGA', 'OH', 0.35, 0.925, 0.32375, '2026-04-19 05:48:14', '2026-04-19 05:48:14'),
(684, 115, 121, 'Kepala tukang', 'TENAGA', 'OH', 0.005, 0.925, 0.004625, '2026-04-19 05:48:14', '2026-04-19 05:48:14'),
(685, 115, 117, 'Mandor', 'TENAGA', 'OH', 0.0017, 0.925, 0.001572, '2026-04-19 05:48:14', '2026-04-19 05:48:14'),
(686, 115, 226, 'Plafond UPVC Adaron putih polos', 'BAHAN', 'lbr', 1.3125, 0.925, 1.21406, '2026-04-19 05:48:14', '2026-04-19 05:48:14'),
(687, 115, 221, 'Paku skrup 2', 'BAHAN', 'kg', 0.11, 0.925, 0.10175, '2026-04-19 05:48:14', '2026-04-19 05:48:14'),
(688, 115, 220, 'Rangka plafond hollow A Plus 4x4 cm ', 'BAHAN', 'btg', 2, 0.925, 1.85, '2026-04-19 05:48:14', '2026-04-19 05:48:14'),
(689, 115, 219, 'Rangka plafond hollow A Plus 2x4 cm ', 'BAHAN', 'btg', 2, 0.925, 1.85, '2026-04-19 05:48:14', '2026-04-19 05:48:14'),
(690, 116, 143, 'Pekerja', 'TENAGA', 'Org/Hari', 0.129, 0.057, 0.007353, '2026-04-19 05:48:57', '2026-04-19 05:48:57'),
(691, 116, 129, 'Tukang listrik', 'TENAGA', 'OH', 0.215, 0.057, 0.012255, '2026-04-19 05:48:57', '2026-04-19 05:48:57'),
(692, 116, 121, 'Kepala tukang', 'TENAGA', 'OH', 0.021, 0.057, 0.001197, '2026-04-19 05:48:57', '2026-04-19 05:48:57'),
(693, 116, 117, 'Mandor', 'TENAGA', 'OH', 0.007, 0.057, 0.000399, '2026-04-19 05:48:57', '2026-04-19 05:48:57'),
(694, 116, 210, 'Cup lampu RMI merk SUI isi 2 lampu', 'BAHAN', 'bh', 1, 0.057, 0.057, '2026-04-19 05:48:57', '2026-04-19 05:48:57'),
(695, 116, 211, 'Lampu tube 8 watt philips LED', 'BAHAN', 'bh', 2, 0.057, 0.114, '2026-04-19 05:48:57', '2026-04-19 05:48:57'),
(696, 117, 143, 'Pekerja', 'TENAGA', 'Org/Hari', 0.1667, 0.083, 0.013836, '2026-04-19 05:49:11', '2026-04-19 05:49:11'),
(697, 117, 136, 'Tukang cat/pelitur', 'TENAGA', 'OH', 0.0833, 0.083, 0.006914, '2026-04-19 05:49:11', '2026-04-19 05:49:11'),
(698, 117, 121, 'Kepala tukang', 'TENAGA', 'OH', 0.0083, 0.083, 0.000689, '2026-04-19 05:49:11', '2026-04-19 05:49:11'),
(699, 117, 117, 'Mandor', 'TENAGA', 'OH', 0.0028, 0.083, 0.000232, '2026-04-19 05:49:11', '2026-04-19 05:49:11'),
(700, 117, 214, 'Mortar TM 290 Render (Plaster Sekaligus Acian) 50 kg', 'BAHAN', 'kg', 16.67, 0.083, 1.38361, '2026-04-19 05:49:11', '2026-04-19 05:49:11'),
(701, 118, 228, 'Pekerja Dua', 'TENAGA', 'OH', 1, 0.485, 0.485, '2026-04-19 05:49:27', '2026-04-19 05:49:27'),
(702, 119, 143, 'Pekerja', 'TENAGA', 'Org/Hari', 0.1, 0.388, 0.0388, '2026-04-19 05:49:41', '2026-04-19 05:49:41'),
(703, 119, 138, 'Tukang kayu', 'TENAGA', 'OH', 0.05, 0.388, 0.0194, '2026-04-19 05:49:41', '2026-04-19 05:49:41'),
(704, 119, 122, 'Tukang Besi', 'TENAGA', 'OH', 0.35, 0.388, 0.1358, '2026-04-19 05:49:41', '2026-04-19 05:49:41'),
(705, 119, 121, 'Kepala tukang', 'TENAGA', 'OH', 0.005, 0.388, 0.00194, '2026-04-19 05:49:41', '2026-04-19 05:49:41'),
(706, 119, 117, 'Mandor', 'TENAGA', 'OH', 0.0017, 0.388, 0.00066, '2026-04-19 05:49:41', '2026-04-19 05:49:41'),
(707, 119, 226, 'Plafond UPVC Adaron putih polos', 'BAHAN', 'lbr', 1.3125, 0.388, 0.50925, '2026-04-19 05:49:41', '2026-04-19 05:49:41'),
(708, 119, 221, 'Paku skrup 2', 'BAHAN', 'kg', 0.11, 0.388, 0.04268, '2026-04-19 05:49:41', '2026-04-19 05:49:41'),
(709, 119, 220, 'Rangka plafond hollow A Plus 4x4 cm ', 'BAHAN', 'btg', 2, 0.388, 0.776, '2026-04-19 05:49:41', '2026-04-19 05:49:41'),
(710, 119, 219, 'Rangka plafond hollow A Plus 2x4 cm ', 'BAHAN', 'btg', 2, 0.388, 0.776, '2026-04-19 05:49:41', '2026-04-19 05:49:41'),
(711, 120, 228, 'Pekerja Dua', 'TENAGA', 'OH', 1, 2.958, 2.958, '2026-04-19 05:49:56', '2026-04-19 05:49:56'),
(712, 121, 143, 'Pekerja', 'TENAGA', 'Org/Hari', 0.1, 1.549, 0.1549, '2026-04-19 05:50:08', '2026-04-19 05:50:08'),
(713, 121, 138, 'Tukang kayu', 'TENAGA', 'OH', 0.05, 1.549, 0.07745, '2026-04-19 05:50:08', '2026-04-19 05:50:08'),
(714, 121, 122, 'Tukang Besi', 'TENAGA', 'OH', 0.35, 1.549, 0.54215, '2026-04-19 05:50:08', '2026-04-19 05:50:08'),
(715, 121, 121, 'Kepala tukang', 'TENAGA', 'OH', 0.005, 1.549, 0.007745, '2026-04-19 05:50:08', '2026-04-19 05:50:08'),
(716, 121, 117, 'Mandor', 'TENAGA', 'OH', 0.0017, 1.549, 0.002633, '2026-04-19 05:50:08', '2026-04-19 05:50:08'),
(717, 121, 226, 'Plafond UPVC Adaron putih polos', 'BAHAN', 'lbr', 1.3125, 1.549, 2.03306, '2026-04-19 05:50:08', '2026-04-19 05:50:08'),
(718, 121, 221, 'Paku skrup 2', 'BAHAN', 'kg', 0.11, 1.549, 0.17039, '2026-04-19 05:50:08', '2026-04-19 05:50:08'),
(719, 121, 220, 'Rangka plafond hollow A Plus 4x4 cm ', 'BAHAN', 'btg', 2, 1.549, 3.098, '2026-04-19 05:50:08', '2026-04-19 05:50:08'),
(720, 121, 219, 'Rangka plafond hollow A Plus 2x4 cm ', 'BAHAN', 'btg', 2, 1.549, 3.098, '2026-04-19 05:50:08', '2026-04-19 05:50:08'),
(721, 122, 143, 'Pekerja', 'TENAGA', 'Org/Hari', 0.1, 0.742, 0.0742, '2026-04-19 05:50:22', '2026-04-19 05:50:22'),
(722, 122, 138, 'Tukang kayu', 'TENAGA', 'OH', 0.05, 0.742, 0.0371, '2026-04-19 05:50:22', '2026-04-19 05:50:22'),
(723, 122, 122, 'Tukang Besi', 'TENAGA', 'OH', 0.35, 0.742, 0.2597, '2026-04-19 05:50:22', '2026-04-19 05:50:22'),
(724, 122, 121, 'Kepala tukang', 'TENAGA', 'OH', 0.005, 0.742, 0.00371, '2026-04-19 05:50:22', '2026-04-19 05:50:22'),
(725, 122, 117, 'Mandor', 'TENAGA', 'OH', 0.0017, 0.742, 0.001261, '2026-04-19 05:50:22', '2026-04-19 05:50:22'),
(726, 122, 225, 'Plafond UPVC Adaron motif kayu', 'BAHAN', 'lbr', 1.3125, 0.742, 0.973875, '2026-04-19 05:50:22', '2026-04-19 05:50:22'),
(727, 122, 221, 'Paku skrup 2', 'BAHAN', 'kg', 0.11, 0.742, 0.08162, '2026-04-19 05:50:22', '2026-04-19 05:50:22'),
(728, 122, 220, 'Rangka plafond hollow A Plus 4x4 cm ', 'BAHAN', 'btg', 2, 0.742, 1.484, '2026-04-19 05:50:22', '2026-04-19 05:50:22'),
(729, 122, 219, 'Rangka plafond hollow A Plus 2x4 cm ', 'BAHAN', 'btg', 2, 0.742, 1.484, '2026-04-19 05:50:22', '2026-04-19 05:50:22'),
(730, 123, 143, 'Pekerja', 'TENAGA', 'Org/Hari', 0.19, 0.107, 0.02033, '2026-04-19 05:50:36', '2026-04-19 05:50:36'),
(731, 123, 129, 'Tukang listrik', 'TENAGA', 'OH', 0.318, 0.107, 0.034026, '2026-04-19 05:50:36', '2026-04-19 05:50:36'),
(732, 123, 121, 'Kepala tukang', 'TENAGA', 'OH', 0.032, 0.107, 0.003424, '2026-04-19 05:50:36', '2026-04-19 05:50:36'),
(733, 123, 117, 'Mandor', 'TENAGA', 'OH', 0.011, 0.107, 0.001177, '2026-04-19 05:50:36', '2026-04-19 05:50:36'),
(734, 123, 197, 'Kabel NYM 3 x 2.5 mm ex. Supreme', 'BAHAN', 'm', 8.8, 0.107, 0.9416, '2026-04-19 05:50:36', '2026-04-19 05:50:36'),
(735, 123, 198, 'Pipa clipsal 20 mm', 'BAHAN', 'm', 8.8, 0.107, 0.9416, '2026-04-19 05:50:36', '2026-04-19 05:50:36'),
(736, 123, 199, 'Tee dos clipsal 20 mm', 'BAHAN', 'bh', 1, 0.107, 0.107, '2026-04-19 05:50:36', '2026-04-19 05:50:36'),
(737, 123, 200, 'Sock clipsal 20 mm', 'BAHAN', 'bh', 5, 0.107, 0.535, '2026-04-19 05:50:36', '2026-04-19 05:50:36'),
(738, 123, 201, 'Isolasi /4', 'BAHAN', 'm', 0.5, 0.107, 0.0535, '2026-04-19 05:50:36', '2026-04-19 05:50:36'),
(739, 123, 202, 'Flexible Conduit 20 mm', 'BAHAN', 'm', 1, 0.107, 0.107, '2026-04-19 05:50:36', '2026-04-19 05:50:36'),
(740, 123, 203, 'Klem clipsal 20 mm', 'BAHAN', 'bh', 10, 0.107, 1.07, '2026-04-19 05:50:36', '2026-04-19 05:50:36'),
(741, 123, 204, 'Fisher S5 + Skrup', 'BAHAN', 'bh', 15, 0.107, 1.605, '2026-04-19 05:50:36', '2026-04-19 05:50:36'),
(742, 123, 205, 'Elbow', 'BAHAN', 'bh', 4, 0.107, 0.428, '2026-04-19 05:50:36', '2026-04-19 05:50:36'),
(743, 123, 206, 'Lasdop', 'BAHAN', 'bh', 4, 0.107, 0.428, '2026-04-19 05:50:36', '2026-04-19 05:50:36'),
(756, 126, 143, 'Pekerja', 'TENAGA', 'Org/Hari', 0.0667, 21.809, 1.45466, '2026-04-22 17:55:49', '2026-04-22 17:55:49'),
(757, 126, 136, 'Tukang cat/pelitur', 'TENAGA', 'OH', 0.0667, 21.809, 1.45466, '2026-04-22 17:55:49', '2026-04-22 17:55:49'),
(758, 126, 121, 'Kepala tukang', 'TENAGA', 'OH', 0.0067, 21.809, 0.14612, '2026-04-22 17:55:49', '2026-04-22 17:55:49'),
(759, 126, 117, 'Mandor', 'TENAGA', 'OH', 0.0022, 21.809, 0.04798, '2026-04-22 17:55:49', '2026-04-22 17:55:49'),
(760, 126, 212, 'Alkali killer sealer nippon paint', 'BAHAN', 'kg', 0.1, 21.809, 2.1809, '2026-04-22 17:55:49', '2026-04-22 17:55:49'),
(761, 126, 213, 'Cat Tembok Spotless plus warna standar (cat anti noda dan anti virus) nippon paint', 'BAHAN', 'kg', 0.26, 21.809, 5.67034, '2026-04-22 17:55:49', '2026-04-22 17:55:49'),
(762, 126, 240, 'Gergaji', 'ALAT', 'bh', 1, 21.809, 21.809, '2026-04-22 17:55:49', '2026-04-22 17:55:49'),
(763, 126, 241, 'Spidol', 'ALAT', 'bh', 1, 21.809, 21.809, '2026-04-22 17:55:49', '2026-04-22 17:55:49'),
(764, 126, 242, 'Mesin Bor', 'ALAT', 'bh', 1, 21.809, 21.809, '2026-04-22 17:55:49', '2026-04-22 17:55:49'),
(765, 126, 243, 'Palu', 'ALAT', 'bh', 1, 21.809, 21.809, '2026-04-22 17:55:49', '2026-04-22 17:55:49'),
(766, 126, 244, 'Waterpass', 'ALAT', 'bh', 1, 21.809, 21.809, '2026-04-22 17:55:49', '2026-04-22 17:55:49'),
(767, 127, 228, 'Pekerja Dua', 'TENAGA', 'OH', 1, 21.809, 21.809, '2026-04-22 18:18:18', '2026-04-22 18:18:18');

-- --------------------------------------------------------

--
-- Table structure for table `item_categories`
--

CREATE TABLE `item_categories` (
  `id` int NOT NULL,
  `nama` varchar(255) NOT NULL,
  `createdAt` datetime NOT NULL,
  `updatedAt` datetime NOT NULL
) ENGINE=InnoDB DEFAULT CHARSET=utf8mb4 COLLATE=utf8mb4_0900_ai_ci;

-- --------------------------------------------------------

--
-- Table structure for table `login_logs`
--

CREATE TABLE `login_logs` (
  `id` int NOT NULL,
  `user_id` int DEFAULT NULL,
  `email` varchar(255) NOT NULL,
  `ip_address` varchar(255) DEFAULT NULL,
  `status` enum('success','failed') NOT NULL,
  `createdAt` datetime NOT NULL,
  `updatedAt` datetime NOT NULL
) ENGINE=InnoDB DEFAULT CHARSET=utf8mb4 COLLATE=utf8mb4_0900_ai_ci;

--
-- Dumping data for table `login_logs`
--

INSERT INTO `login_logs` (`id`, `user_id`, `email`, `ip_address`, `status`, `createdAt`, `updatedAt`) VALUES
(1, 1, 'pastikaerror2625@gmail.com', '::1', 'success', '2026-04-14 08:13:05', '2026-04-14 08:13:05'),
(2, 1, 'pastikaerror2625@gmail.com', '::1', 'success', '2026-04-22 16:40:16', '2026-04-22 16:40:16');

-- --------------------------------------------------------

--
-- Table structure for table `master_items`
--

CREATE TABLE `master_items` (
  `id` int NOT NULL,
  `nama` varchar(255) NOT NULL,
  `tipe` enum('TENAGA','BAHAN','ALAT') NOT NULL,
  `satuan` varchar(255) NOT NULL,
  `terbilang` int DEFAULT NULL,
  `createdAt` datetime NOT NULL,
  `updatedAt` datetime NOT NULL,
  `harga` decimal(15,2) NOT NULL,
  `category` varchar(255) DEFAULT NULL
) ENGINE=InnoDB DEFAULT CHARSET=utf8mb4 COLLATE=utf8mb4_0900_ai_ci;

--
-- Dumping data for table `master_items`
--

INSERT INTO `master_items` (`id`, `nama`, `tipe`, `satuan`, `terbilang`, `createdAt`, `updatedAt`, `harga`, `category`) VALUES
(36, 'Concrete vibrator', 'ALAT', 'unit/hr', 1, '2026-04-16 05:59:42', '2026-04-16 05:59:42', 492163.00, NULL),
(37, 'Kereta dorong', 'ALAT', 'unit/hr', 1, '2026-04-16 05:59:42', '2026-04-16 05:59:42', 550000.00, NULL),
(38, 'Pemadat timbunan (Stamper)', 'ALAT', 'unit/hr', 1, '2026-04-16 05:59:42', '2026-04-16 05:59:42', 670264.00, NULL),
(39, 'Chainsaw', 'ALAT', 'unit/hr', 1, '2026-04-16 05:59:42', '2026-04-16 05:59:42', 424438.00, NULL),
(40, 'Jack Hammer', 'ALAT', 'jam', 1, '2026-04-16 05:59:42', '2026-04-16 05:59:42', 60477.00, NULL),
(41, 'Compressor 4000-6500 L\\M', 'ALAT', 'jam', 1, '2026-04-16 05:59:42', '2026-04-16 05:59:42', 249858.00, NULL),
(42, 'Dump Truck 3.5 Ton', 'ALAT', 'jam', 1, '2026-04-16 05:59:42', '2026-04-16 05:59:42', 506906.00, NULL),
(43, 'Motor Grader >100HP', 'ALAT', 'jam', 1, '2026-04-16 05:59:42', '2026-04-16 05:59:42', 673976.00, NULL),
(44, 'Excavator PC 200', 'ALAT', 'jam', 1, '2026-04-16 05:59:42', '2026-04-16 05:59:42', 657180.00, NULL),
(45, 'Excavator PC 75', 'ALAT', 'jam', 1, '2026-04-16 05:59:42', '2026-04-16 05:59:42', 326743.00, NULL),
(46, 'Crane 10-15 ton', 'ALAT', 'jam', 1, '2026-04-16 05:59:42', '2026-04-16 05:59:42', 851087.00, NULL),
(47, 'Mata Gergaji/Mata Core Drilling', 'ALAT', 'bh', 1, '2026-04-16 05:59:42', '2026-04-16 05:59:42', 480000.00, NULL),
(48, 'Mesin Potong Gergaji / Mesin Core Drilling', 'ALAT', 'bh', 1, '2026-04-16 05:59:42', '2026-04-16 05:59:42', 6900000.00, NULL),
(49, 'Electrik Hand Hammer', 'ALAT', 'bh', 1, '2026-04-16 05:59:42', '2026-04-16 05:59:42', 9000000.00, NULL),
(50, 'Stang bor, batang bor diameter 1 1/4\"', 'ALAT', 'm', 1, '2026-04-16 05:59:42', '2026-04-16 05:59:42', 505000.00, NULL),
(51, 'Bor: Auger', 'ALAT', 'm', 1, '2026-04-16 05:59:42', '2026-04-16 05:59:42', 200000.00, NULL),
(52, 'Pahat beton (baja keras)', 'ALAT', 'bh', 1, '2026-04-16 05:59:42', '2026-04-16 05:59:42', 52000.00, NULL),
(53, 'Mesin Potong Baja', 'ALAT', 'unit/hr', 1, '2026-04-16 05:59:42', '2026-04-16 05:59:42', 574007.00, NULL),
(54, 'Wheel Loader 1,62 m3; 170 HP', 'ALAT', 'Jam', 1, '2026-04-16 05:59:42', '2026-04-16 05:59:42', 647736.00, NULL),
(55, 'Roller, Vibro - 25 HP; 5 - 8 Ton', 'ALAT', 'Jam', 1, '2026-04-16 05:59:42', '2026-04-16 05:59:42', 419337.00, NULL),
(56, 'Roller, Vibro - 25 HP; 8 - 12 Ton', 'ALAT', 'Jam', 1, '2026-04-16 05:59:42', '2026-04-16 05:59:42', 519337.00, NULL),
(57, 'Genset 3 KWH', 'ALAT', 'Jam', 1, '2026-04-16 05:59:42', '2026-04-16 05:59:42', 38000.00, NULL),
(58, 'Jack Hammer Drill-1,5 KW', 'ALAT', 'Jam', 1, '2026-04-16 05:59:42', '2026-04-16 05:59:42', 60477.00, NULL),
(59, 'Jack Hammer Drill 2,5 KW', 'ALAT', 'Jam', 1, '2026-04-16 05:59:42', '2026-04-16 05:59:42', 78620.00, NULL),
(60, 'Genset 5 KW', 'ALAT', 'Jam', 1, '2026-04-16 05:59:42', '2026-04-16 05:59:42', 38000.00, NULL),
(61, 'Cutter baja beton', 'ALAT', 'Hari', 1, '2026-04-16 05:59:42', '2026-04-16 05:59:42', 100000.00, NULL),
(62, 'Bender baja beton', 'ALAT', 'Hari', 1, '2026-04-16 05:59:42', '2026-04-16 05:59:42', 574007.00, NULL),
(63, 'Jack hammer dan genset; 12 HP', 'ALAT', 'Hari', 1, '2026-04-16 05:59:42', '2026-04-16 05:59:42', 423339.00, NULL),
(64, 'Molen/Beton mixer 0,35 m3 dilengkapi Automatic Feeder', 'ALAT', 'Hari', 1, '2026-04-16 05:59:42', '2026-04-16 05:59:42', 857220.00, NULL),
(65, 'Alat Las Listrik', 'ALAT', 'Jam', 1, '2026-04-16 05:59:42', '2026-04-16 05:59:42', 145127.00, NULL),
(66, 'Crane Mobile 7 ton', 'ALAT', 'Jam', 1, '2026-04-16 05:59:42', '2026-04-16 05:59:42', 851087.00, NULL),
(67, 'Stang bor, batang bor diameter 1 1/4\"', 'ALAT', 'Jam', 1, '2026-04-16 05:59:42', '2026-04-16 05:59:42', 505000.00, NULL),
(68, 'Bor: Auger ∅ 30 cm', 'ALAT', 'Jam', 1, '2026-04-16 05:59:42', '2026-04-16 05:59:42', 860000.00, NULL),
(69, 'Bor: Auger ∅ 35 cm', 'ALAT', 'Jam', 1, '2026-04-16 05:59:42', '2026-04-16 05:59:42', 870000.00, NULL),
(70, 'Bor: Auger ∅ 40 cm', 'ALAT', 'Jam', 1, '2026-04-16 05:59:42', '2026-04-16 05:59:42', 875000.00, NULL),
(71, 'Waterpass', 'ALAT', 'Hari', 1, '2026-04-16 05:59:42', '2026-04-16 05:59:42', 300000.00, NULL),
(72, 'Alat Pembengkok Tulangan', 'ALAT', 'Hari', 1, '2026-04-16 05:59:42', '2026-04-16 05:59:42', 300000.00, NULL),
(73, 'Flaat Deck Truck 7 ton', 'ALAT', 'Jam', 1, '2026-04-16 05:59:42', '2026-04-16 05:59:42', 450000.00, NULL),
(74, 'Water Tank 3.000-4.500 L ', 'ALAT', 'Jam', 1, '2026-04-16 05:59:42', '2026-04-16 05:59:42', 150000.00, NULL),
(75, 'Bulldozer 155 HP', 'ALAT', 'Jam', 1, '2026-04-16 05:59:42', '2026-04-16 05:59:42', 630000.00, NULL),
(76, 'Palu/godam', 'ALAT', 'bh', 1, '2026-04-16 05:59:42', '2026-04-16 05:59:42', 50000.00, NULL),
(77, 'Linggis', 'ALAT', 'bh', 1, '2026-04-16 05:59:42', '2026-04-16 05:59:42', 50000.00, NULL),
(78, 'Gergaji', 'ALAT', 'bh', 1, '2026-04-16 05:59:42', '2026-04-16 05:59:42', 50000.00, NULL),
(79, 'Hoist 1 ton', 'ALAT', 'Hari', 1, '2026-04-16 05:59:42', '2026-04-16 05:59:42', 350000.00, NULL),
(80, 'Tripod 7 m', 'ALAT', 'Hari', 1, '2026-04-16 05:59:42', '2026-04-16 05:59:42', 135000.00, NULL),
(81, 'Crane on Track', 'ALAT', 'jam', 1, '2026-04-16 05:59:42', '2026-04-16 05:59:42', 851087.00, NULL),
(82, 'Peralatan Pompa Lumpur Diesel 7,5 KW; 4\"', 'ALAT', 'Hari', 1, '2026-04-16 05:59:42', '2026-04-16 05:59:42', 370000.00, NULL),
(83, 'Peralatan Pompa Lumpur Diesel 10 KW; 5\"', 'ALAT', 'Hari', 1, '2026-04-16 05:59:42', '2026-04-16 05:59:42', 370000.00, NULL),
(84, 'Pipe suport', 'ALAT', 'hari', 1, '2026-04-16 05:59:42', '2026-04-16 05:59:42', 250000.00, NULL),
(85, 'Sewa scaffolding', 'ALAT', 'hari', 1, '2026-04-16 05:59:42', '2026-04-16 05:59:42', 5000.00, NULL),
(127, 'Pekerja', 'TENAGA', 'Org/Hari', 1, '2026-04-16 06:17:47', '2026-04-16 06:17:47', 151640.10, NULL),
(128, 'Tukang gali', 'TENAGA', 'OH', 1, '2026-04-16 06:17:47', '2026-04-16 06:17:47', 175111.53, NULL),
(129, 'Tukang ', 'TENAGA', 'OH', 1, '2026-04-16 06:17:47', '2026-04-16 06:17:47', 175111.53, NULL),
(130, 'Tukang batu', 'TENAGA', 'OH', 1, '2026-04-16 06:17:47', '2026-04-16 06:17:47', 175111.53, NULL),
(131, 'Tukang tembok', 'TENAGA', 'OH', 1, '2026-04-16 06:17:47', '2026-04-16 06:17:47', 175111.53, NULL),
(132, 'Tukang kayu', 'TENAGA', 'OH', 1, '2026-04-16 06:17:47', '2026-04-16 06:17:47', 175111.53, NULL),
(133, 'Tukang besi/besi beton', 'TENAGA', 'OH', 1, '2026-04-16 06:17:47', '2026-04-16 06:17:47', 175111.53, NULL),
(134, 'Tukang cat/pelitur', 'TENAGA', 'OH', 1, '2026-04-16 06:17:47', '2026-04-16 06:17:47', 175111.53, NULL),
(135, 'Tukang pipa', 'TENAGA', 'OH', 1, '2026-04-16 06:17:47', '2026-04-16 06:17:47', 175111.53, NULL),
(136, 'Tukang ereksi', 'TENAGA', 'OH', 1, '2026-04-16 06:17:47', '2026-04-16 06:17:47', 175111.53, NULL),
(137, 'Tukang tanam', 'TENAGA', 'OH', 1, '2026-04-16 06:17:47', '2026-04-16 06:17:47', 183712.50, NULL),
(138, 'Tukang style Bali', 'TENAGA', 'OH', 1, '2026-04-16 06:17:47', '2026-04-16 06:17:47', 178387.50, NULL),
(139, 'Tukang ukir style Bali', 'TENAGA', 'OH', 1, '2026-04-16 06:17:47', '2026-04-16 06:17:47', 181050.00, NULL),
(140, 'Tukang ukiran Bali', 'TENAGA', 'm2', 1, '2026-04-16 06:17:47', '2026-04-16 06:17:47', 183712.50, NULL),
(141, 'Tukang listrik', 'TENAGA', 'OH', 1, '2026-04-16 06:17:47', '2026-04-16 06:17:47', 151762.50, NULL),
(142, 'Tukang las', 'TENAGA', 'OH', 1, '2026-04-16 06:17:47', '2026-04-16 06:17:47', 151762.50, NULL),
(143, 'Tukang alumunium', 'TENAGA', 'OH', 1, '2026-04-16 06:17:47', '2026-04-16 06:17:47', 151762.50, NULL),
(144, 'Tukang las biasa', 'TENAGA', 'OH', 1, '2026-04-16 06:17:47', '2026-04-16 06:17:47', 151762.50, NULL),
(145, 'Tukang las konstruksi', 'TENAGA', 'OH', 1, '2026-04-16 06:17:47', '2026-04-16 06:17:47', 151762.50, NULL),
(146, 'Tukang khusus alumunium', 'TENAGA', 'OH', 1, '2026-04-16 06:17:47', '2026-04-16 06:17:47', 151762.50, NULL),
(147, 'Tukang alumunium/ kaca', 'TENAGA', 'OH', 1, '2026-04-16 06:17:47', '2026-04-16 06:17:47', 151762.50, NULL),
(148, 'Tukang Besi', 'TENAGA', 'OH', 1, '2026-04-16 06:17:47', '2026-04-16 06:17:47', 151762.50, NULL),
(149, 'Kepala tukang', 'TENAGA', 'OH', 1, '2026-04-16 06:17:47', '2026-04-16 06:17:47', 184461.26, NULL),
(150, 'Kepala tukang tanam', 'TENAGA', 'OH', 1, '2026-04-16 06:17:47', '2026-04-16 06:17:47', 197014.15, NULL),
(151, 'Kepala Tukang Style Bali', 'TENAGA', 'OH', 1, '2026-04-16 06:17:47', '2026-04-16 06:17:47', 199687.50, NULL),
(152, 'Mandor Style Bali', 'TENAGA', 'OH', 1, '2026-04-16 06:17:47', '2026-04-16 06:17:47', 215662.50, NULL),
(153, 'Mandor', 'TENAGA', 'OH', 1, '2026-04-16 06:17:47', '2026-04-16 06:17:47', 197014.15, NULL),
(154, 'Juru ukur', 'TENAGA', 'OH', 1, '2026-04-16 06:17:47', '2026-04-16 06:17:47', 166330.28, NULL),
(155, 'Pembantu juru ukur', 'TENAGA', 'OH', 1, '2026-04-16 06:17:47', '2026-04-16 06:17:47', 141373.56, NULL),
(156, 'Mekanik alat berat', 'TENAGA', 'OH', 1, '2026-04-16 06:17:47', '2026-04-16 06:17:47', 197893.58, NULL),
(157, 'Operator alat berat', 'TENAGA', 'OH', 1, '2026-04-16 06:17:47', '2026-04-16 06:17:47', 197893.58, NULL),
(158, 'Pembantu operator', 'TENAGA', 'OH', 1, '2026-04-16 06:17:47', '2026-04-16 06:17:47', 169005.45, NULL),
(159, 'Supir truk', 'TENAGA', 'OH', 1, '2026-04-16 06:17:47', '2026-04-16 06:17:47', 186331.91, NULL),
(160, 'Kenek truk', 'TENAGA', 'OH', 1, '2026-04-16 06:17:47', '2026-04-16 06:17:47', 156664.28, NULL),
(161, 'Juru gambar (drafter)', 'TENAGA', 'OH', 1, '2026-04-16 06:17:47', '2026-04-16 06:17:47', 245120.00, NULL),
(162, 'Tenaga Terampil Operator', 'TENAGA', 'OH', 1, '2026-04-16 06:17:47', '2026-04-16 06:17:47', 184461.26, NULL),
(163, 'Operator printer/plotter', 'TENAGA', 'OH', 1, '2026-04-16 06:17:47', '2026-04-16 06:17:47', 141373.56, NULL),
(164, 'Tenaga ahli utama (S1 min 13 th)', 'TENAGA', 'OH', 1, '2026-04-16 06:17:47', '2026-04-16 06:17:47', 1552080.00, NULL),
(165, 'Tenaga ahli madya (S1 min 9 th)', 'TENAGA', 'OH', 1, '2026-04-16 06:17:47', '2026-04-16 06:17:47', 1295184.00, NULL),
(166, 'Tenaga ahli muda (S1 min 5 th)', 'TENAGA', 'OH', 1, '2026-04-16 06:17:47', '2026-04-16 06:17:47', 1034720.00, NULL),
(167, 'Tenaga ahli pratama (S1 min 3 th)', 'TENAGA', 'OH', 1, '2026-04-16 06:17:47', '2026-04-16 06:17:47', 906272.00, NULL),
(168, 'Saklar tunggal schneider', 'BAHAN', 'bh', NULL, '2026-04-16 14:46:01', '2026-04-16 14:46:01', 26000.00, 'Skalar Tunggal'),
(169, 'Saklar double schneider', 'BAHAN', 'bh', NULL, '2026-04-16 14:46:01', '2026-04-16 14:46:01', 40000.00, 'Skalar Tunggal'),
(170, 'Kabel NYM 3 x 2.5 mm ex. Supreme', 'BAHAN', 'm', NULL, '2026-04-16 14:46:01', '2026-04-16 14:46:01', 21250.00, 'Kabel NYM'),
(171, 'Pipa clipsal 20 mm', 'BAHAN', 'm', NULL, '2026-04-16 14:46:01', '2026-04-16 14:46:01', 551724.00, 'Pipa conduit'),
(172, 'Tee dos clipsal 20 mm', 'BAHAN', 'bh', NULL, '2026-04-16 14:46:01', '2026-04-16 14:46:01', 8500.00, 'Tee dos'),
(173, 'Sock clipsal 20 mm', 'BAHAN', 'bh', NULL, '2026-04-16 14:46:01', '2026-04-16 14:46:01', 2000.00, 'Sock Pipa conduit'),
(174, 'Isolasi /4', 'BAHAN', 'm', NULL, '2026-04-16 14:46:01', '2026-04-16 14:46:01', 21772.00, 'Aksesoris Listrik'),
(175, 'Flexible Conduit 20 mm', 'BAHAN', 'm', NULL, '2026-04-16 14:46:01', '2026-04-16 14:46:01', 6000.00, 'Aksesoris Listrik'),
(176, 'Klem clipsal 20 mm', 'BAHAN', 'bh', NULL, '2026-04-16 14:46:01', '2026-04-16 14:46:01', 1500.00, 'Klem Kabel'),
(177, 'Fisher S5 + Skrup', 'BAHAN', 'bh', NULL, '2026-04-16 14:46:01', '2026-04-16 14:46:01', 1300.00, 'Klem Kabel'),
(178, 'Elbow', 'BAHAN', 'bh', NULL, '2026-04-16 14:46:01', '2026-04-16 14:46:01', 7000.00, 'Klem Kabel'),
(179, 'Lasdop', 'BAHAN', 'bh', NULL, '2026-04-16 14:46:01', '2026-04-16 14:46:01', 300.00, 'Klem Kabel'),
(180, 'Cup lampu down light philips', 'BAHAN', 'bh', NULL, '2026-04-16 14:46:01', '2026-04-16 14:46:01', 121000.00, 'Lampu Downlight'),
(181, 'Bola lampu 10 watt philips LED', 'BAHAN', 'bh', NULL, '2026-04-16 14:46:01', '2026-04-16 14:46:01', 67500.00, 'Lampu LED'),
(182, 'Isolasi ', 'BAHAN', 'bh', NULL, '2026-04-16 14:46:01', '2026-04-16 14:46:01', 19900.00, 'Aksesoris Listrik'),
(183, 'Cup lampu RMI merk SUI isi 2 lampu', 'BAHAN', 'bh', NULL, '2026-04-16 14:46:01', '2026-04-16 14:46:01', 450000.00, 'Lampu LED RMI'),
(184, 'Lampu tube 8 watt philips LED', 'BAHAN', 'bh', NULL, '2026-04-16 14:46:01', '2026-04-16 14:46:01', 50000.00, 'Lampu LED RMI'),
(185, 'Alkali killer sealer nippon paint', 'BAHAN', 'kg', NULL, '2026-04-16 14:46:01', '2026-04-16 14:46:01', 80775.00, 'Cat Dasar Tembok'),
(186, 'Cat Tembok Spotless plus warna standar (cat anti noda dan anti virus) nippon paint', 'BAHAN', 'kg', NULL, '2026-04-16 14:46:01', '2026-04-16 14:46:01', 93149.00, 'Cat Tembok'),
(187, 'Mortar TM 290 Render (Plaster Sekaligus Acian) 50 kg', 'BAHAN', 'kg', NULL, '2026-04-16 14:46:01', '2026-04-16 14:46:01', 2800.00, 'Semen Instan'),
(188, 'List plafond UPVC Adaron putih polos', 'BAHAN', 'm1', NULL, '2026-04-16 14:46:01', '2026-04-16 14:46:01', 13750.00, 'Plafond'),
(189, 'Accessories', 'BAHAN', 'ls', NULL, '2026-04-16 14:46:01', '2026-04-16 14:46:01', 500.00, 'Aksesoris Listrik'),
(190, 'Plafond UPVC Adaron putih polos', 'BAHAN', 'lbr', NULL, '2026-04-16 14:46:01', '2026-04-16 14:46:01', 90000.00, 'PLAFOND PVC/UPVC'),
(191, 'Plafond UPVC Adaron motif kayu', 'BAHAN', 'lbr', NULL, '2026-04-16 14:46:01', '2026-04-16 14:46:01', 105000.00, 'PLAFOND PVC/UPVC'),
(192, 'Plafond UPVC S Plus putih polos', 'BAHAN', 'lbr', NULL, '2026-04-16 14:46:01', '2026-04-16 14:46:01', 90000.00, 'PLAFOND PVC/UPVC'),
(193, 'Plafond UPVC S Plus motif kayu', 'BAHAN', 'lbr', NULL, '2026-04-16 14:46:01', '2026-04-16 14:46:01', 105000.00, 'PLAFOND PVC/UPVC'),
(194, 'List plafond UPVC Adaron putih polos', 'BAHAN', 'btg', NULL, '2026-04-16 14:46:01', '2026-04-16 14:46:01', 55000.00, 'PLAFOND PVC/UPVC'),
(195, 'List plafond UPVC Adaron motif kayu', 'BAHAN', 'btg', NULL, '2026-04-16 14:46:01', '2026-04-16 14:46:01', 55000.00, 'PLAFOND PVC/UPVC'),
(196, 'Paku skrup 2', 'BAHAN', 'kg', NULL, '2026-04-16 14:46:01', '2026-04-16 14:46:01', 40000.00, 'Paku Skrup dan DYN'),
(197, 'Rangka plafond hollow A Plus 4x4 cm ', 'BAHAN', 'btg', NULL, '2026-04-16 14:46:01', '2026-04-16 14:46:01', 37000.00, 'HOLLOW BAJA RINGAN'),
(198, 'Rangka plafond hollow A Plus 2x4 cm ', 'BAHAN', 'btg', NULL, '2026-04-16 14:46:01', '2026-04-16 14:46:01', 26000.00, 'HOLLOW BAJA RINGAN'),
(199, 'Rangka plafond hollow Garuda 4x4 cm ', 'BAHAN', 'btg', NULL, '2026-04-16 14:46:01', '2026-04-16 14:46:01', 37000.00, 'HOLLOW BAJA RINGAN'),
(200, 'Rangka plafond hollow Garuda 2x4 cm ', 'BAHAN', 'btg', NULL, '2026-04-16 14:46:01', '2026-04-16 14:46:01', 26000.00, 'HOLLOW BAJA RINGAN');

-- --------------------------------------------------------

--
-- Table structure for table `materials`
--

CREATE TABLE `materials` (
  `id` int NOT NULL,
  `project_id` int NOT NULL,
  `nama` varchar(255) NOT NULL,
  `satuan` varchar(255) NOT NULL,
  `createdAt` datetime NOT NULL,
  `updatedAt` datetime NOT NULL
) ENGINE=InnoDB DEFAULT CHARSET=utf8mb4 COLLATE=utf8mb4_0900_ai_ci;

-- --------------------------------------------------------

--
-- Table structure for table `otps`
--

CREATE TABLE `otps` (
  `id` int NOT NULL,
  `user_id` int NOT NULL,
  `code` varchar(255) NOT NULL,
  `expired_at` datetime NOT NULL,
  `request_count` int DEFAULT '0',
  `last_request_at` datetime DEFAULT NULL,
  `createdAt` datetime NOT NULL,
  `updatedAt` datetime NOT NULL
) ENGINE=InnoDB DEFAULT CHARSET=utf8mb4 COLLATE=utf8mb4_0900_ai_ci;

-- --------------------------------------------------------

--
-- Table structure for table `pekerja`
--

CREATE TABLE `pekerja` (
  `id` int NOT NULL,
  `project_id` int NOT NULL,
  `nama` varchar(255) NOT NULL,
  `satuan` varchar(255) DEFAULT 'org',
  `di_bilang` float DEFAULT '0',
  `createdAt` datetime NOT NULL,
  `updatedAt` datetime NOT NULL
) ENGINE=InnoDB DEFAULT CHARSET=utf8mb4 COLLATE=utf8mb4_0900_ai_ci;

-- --------------------------------------------------------

--
-- Table structure for table `peralatan`
--

CREATE TABLE `peralatan` (
  `id` int NOT NULL,
  `project_id` int NOT NULL,
  `nama` varchar(255) NOT NULL,
  `satuan` varchar(255) NOT NULL,
  `di_bilang` float DEFAULT '0',
  `createdAt` datetime NOT NULL,
  `updatedAt` datetime NOT NULL
) ENGINE=InnoDB DEFAULT CHARSET=utf8mb4 COLLATE=utf8mb4_0900_ai_ci;

-- --------------------------------------------------------

--
-- Table structure for table `projects`
--

CREATE TABLE `projects` (
  `id` int NOT NULL,
  `kegiatan` varchar(255) DEFAULT NULL,
  `pekerjaan` varchar(255) DEFAULT NULL,
  `no_kontrak` varchar(255) DEFAULT NULL,
  `tgl_kontrak` datetime DEFAULT NULL,
  `no_spmk` varchar(255) DEFAULT NULL,
  `tgl_spmk` datetime DEFAULT NULL,
  `end_date` datetime DEFAULT NULL,
  `kontraktor` varchar(255) DEFAULT NULL,
  `konsultan` varchar(255) DEFAULT NULL,
  `waktu_pelaksanaan` int DEFAULT NULL,
  `nilai_kontrak` float DEFAULT NULL,
  `lokasi` text,
  `tahun` int DEFAULT NULL,
  `status_pengerjaan` enum('berjalan','selesai') DEFAULT 'berjalan',
  `logo_kontraktor` varchar(255) DEFAULT NULL,
  `logo_konsultan` varchar(255) DEFAULT NULL,
  `logo_client` varchar(255) DEFAULT NULL,
  `createdAt` datetime NOT NULL,
  `updatedAt` datetime NOT NULL,
  `sub_kegiatan` varchar(255) DEFAULT NULL
) ENGINE=InnoDB DEFAULT CHARSET=utf8mb4 COLLATE=utf8mb4_0900_ai_ci;

--
-- Dumping data for table `projects`
--

INSERT INTO `projects` (`id`, `kegiatan`, `pekerjaan`, `no_kontrak`, `tgl_kontrak`, `no_spmk`, `tgl_spmk`, `end_date`, `kontraktor`, `konsultan`, `waktu_pelaksanaan`, `nilai_kontrak`, `lokasi`, `tahun`, `status_pengerjaan`, `logo_kontraktor`, `logo_konsultan`, `logo_client`, `createdAt`, `updatedAt`, `sub_kegiatan`) VALUES
(2, 'Pengelolaan Pendidikan Sekolah Menengah Pertama', 'Belanja Modal Bangunan Gedung Tempat Pendidikan Pemeliharaan Bangunan Gedung Dan Ruangan Tenpat Pendidikan Di SMP Negeri 1 Kuta', '400.3.13/III/1241/Bid.SMP/Distikpora/2026', '2026-03-02 00:00:00', '400.3.13/III/1272/Bid.SMP/Distikpora/2026', '2026-03-03 00:00:00', '2026-05-01 00:00:00', 'CV.Batu Karang', 'CV.Ganesha Teknika', 60, 397997, 'SMP Negeri 1 Kuta, Kec. Kuta, Kab. Badung', 2026, 'berjalan', '1776602125073.png', '1776602139775.png', '1776602158101.png', '2026-04-16 06:28:07', '2026-04-19 12:35:58', 'Pemeliharaan Rutin Sarana, Prasarana Dan Utilitas Sekolah');

-- --------------------------------------------------------

--
-- Table structure for table `project_analisa`
--

CREATE TABLE `project_analisa` (
  `id` int NOT NULL,
  `project_id` int NOT NULL,
  `kode` varchar(255) NOT NULL,
  `nama` varchar(255) NOT NULL,
  `satuan` varchar(255) NOT NULL,
  `overhead_persen` float DEFAULT '10',
  `createdAt` datetime NOT NULL,
  `updatedAt` datetime NOT NULL
) ENGINE=InnoDB DEFAULT CHARSET=utf8mb4 COLLATE=utf8mb4_0900_ai_ci;

--
-- Dumping data for table `project_analisa`
--

INSERT INTO `project_analisa` (`id`, `project_id`, `kode`, `nama`, `satuan`, `overhead_persen`, `createdAt`, `updatedAt`) VALUES
(58, 2, 'A.1', 'Pemasangan 1 Unit Saklar Ganda', 'unit', 10, '2026-04-16 14:51:59', '2026-04-16 14:51:59'),
(59, 2, 'A.2', 'Pemasangan 1 Unit Saklar Tunggal', 'unit', 10, '2026-04-16 14:51:59', '2026-04-16 14:51:59'),
(60, 2, 'B.1', 'Pemasangan 1 Titik Instalasi Lampu', 'unit', 10, '2026-04-16 14:51:59', '2026-04-16 14:51:59'),
(61, 2, 'B.2', 'Pemasangan 1 Unit Downlight 4 inch', 'unit', 10, '2026-04-16 14:51:59', '2026-04-16 14:51:59'),
(62, 2, 'B.3', 'Pemasangan 1 Unit RM TKI 2 x 8 Watt LED', 'unit', 10, '2026-04-16 14:51:59', '2026-04-16 14:51:59'),
(63, 2, 'C.1', 'Pengecetan 1 m2 Tembok Baru Interior', 'unit', 10, '2026-04-16 14:51:59', '2026-04-16 14:51:59'),
(64, 2, 'D.1', 'Pemasangan 1 m2 Plesteran Mortar Siap Pakai', 'unit', 10, '2026-04-16 14:52:00', '2026-04-16 14:52:00'),
(65, 2, 'E.1', 'Pemasangan 1 m2 langit-langit plafon UPVC Adaron polos ukuran (200x4000)', 'unit', 10, '2026-04-16 14:52:00', '2026-04-16 14:52:00'),
(66, 2, 'E.2', 'Pemasangan 1 m2 langit-langit tebal 8 mm + rangka hollow S-PLUS', 'unit', 10, '2026-04-16 14:52:00', '2026-04-16 14:52:00'),
(67, 2, 'E.3', 'Pemasangan 1 m\' list plafond UPVC putih polos Adaron', 'unit', 10, '2026-04-16 14:52:00', '2026-04-16 14:52:00'),
(68, 2, 'E.4', 'Pemasangan 1 m\' list plafond UPVC motif kayu S Plus', 'unit', 10, '2026-04-16 14:52:00', '2026-04-16 14:52:00'),
(69, 2, 'E.5', 'Pemasangan 1 m\' list plafond UPVC motif kayu Adaron', 'unit', 10, '2026-04-16 14:52:00', '2026-04-16 14:52:00'),
(70, 2, 'F.1', 'Pembongkaran 1 m2 plafond rangka kayu', 'm2', 10, '2026-04-16 15:11:17', '2026-04-16 15:11:17'),
(71, 2, 'G.1', 'Pembuatan Prosedur dan Intruksi Kerja', 'set', 0, '2026-04-17 03:48:02', '2026-04-17 03:48:02'),
(72, 2, 'G.2', 'Spanduk (Banner)', 'unit', 0, '2026-04-18 04:24:22', '2026-04-18 04:24:22'),
(73, 2, 'G.3', 'Poster', 'bh', 0, '2026-04-18 04:25:02', '2026-04-18 04:25:02'),
(74, 2, 'G.4', 'Topi Pelindung (Safety Helmet)', 'bh', 0, '2026-04-18 04:25:49', '2026-04-18 04:25:49'),
(75, 2, 'G.5', 'Pelindung pernafasan dan mulut (Masker)', 'kotak', 0, '2026-04-18 04:26:17', '2026-04-18 04:26:17'),
(76, 2, 'G.6', 'Sepatu keselamatan (Rubber safety shoes and toe cap)', 'osg', 0, '2026-04-18 04:26:42', '2026-04-18 04:26:42'),
(77, 2, 'G.7', 'Rompi keselamatan (safety vest)', 'bh', 0, '2026-04-18 04:27:09', '2026-04-18 04:27:09'),
(78, 2, 'G.8', 'BPJS  Ketenagakerjaan', 'ls', 0, '2026-04-18 04:27:34', '2026-04-18 04:27:34'),
(79, 2, 'G.9', 'Peralatan K3 (Kotak P3k, Obat Luka, Perban, Dll)', 'ls', 0, '2026-04-18 04:28:03', '2026-04-18 04:28:03'),
(80, 2, 'G.10', 'Rambu petunjuk', 'bh', 0, '2026-04-18 04:28:35', '2026-04-18 04:28:35'),
(81, 2, 'G.11', 'Rambu peringatan', 'bh', 0, '2026-04-18 04:28:51', '2026-04-18 04:28:51');

-- --------------------------------------------------------

--
-- Table structure for table `project_analisa_detail`
--

CREATE TABLE `project_analisa_detail` (
  `id` int NOT NULL,
  `project_analisa_id` int NOT NULL,
  `item_id` int NOT NULL,
  `koefisien` float NOT NULL,
  `createdAt` datetime NOT NULL,
  `updatedAt` datetime NOT NULL
) ENGINE=InnoDB DEFAULT CHARSET=utf8mb4 COLLATE=utf8mb4_0900_ai_ci;

--
-- Dumping data for table `project_analisa_detail`
--

INSERT INTO `project_analisa_detail` (`id`, `project_analisa_id`, `item_id`, `koefisien`, `createdAt`, `updatedAt`) VALUES
(260, 58, 143, 0.031, '2026-04-16 14:52:00', '2026-04-16 14:52:00'),
(261, 58, 129, 0.052, '2026-04-16 14:52:00', '2026-04-16 14:52:00'),
(262, 58, 121, 0.005, '2026-04-16 14:52:00', '2026-04-16 14:52:00'),
(263, 58, 117, 0.002, '2026-04-16 14:52:00', '2026-04-16 14:52:00'),
(264, 58, 196, 1.1, '2026-04-16 14:52:00', '2026-04-16 14:52:00'),
(265, 59, 143, 0.031, '2026-04-16 14:52:00', '2026-04-16 14:52:00'),
(266, 59, 129, 0.052, '2026-04-16 14:52:00', '2026-04-16 14:52:00'),
(267, 59, 121, 0.005, '2026-04-16 14:52:00', '2026-04-16 14:52:00'),
(268, 59, 117, 0.002, '2026-04-16 14:52:00', '2026-04-16 14:52:00'),
(269, 59, 195, 1.1, '2026-04-16 14:52:00', '2026-04-16 14:52:00'),
(270, 60, 143, 0.19, '2026-04-16 14:52:00', '2026-04-16 14:52:00'),
(271, 60, 129, 0.318, '2026-04-16 14:52:00', '2026-04-16 14:52:00'),
(272, 60, 121, 0.032, '2026-04-16 14:52:00', '2026-04-16 14:52:00'),
(273, 60, 117, 0.011, '2026-04-16 14:52:00', '2026-04-16 14:52:00'),
(274, 60, 197, 8.8, '2026-04-16 14:52:00', '2026-04-16 14:52:00'),
(275, 60, 198, 8.8, '2026-04-16 14:52:00', '2026-04-16 14:52:00'),
(276, 60, 199, 1, '2026-04-16 14:52:00', '2026-04-16 14:52:00'),
(277, 60, 200, 5, '2026-04-16 14:52:00', '2026-04-16 14:52:00'),
(278, 60, 201, 0.5, '2026-04-16 14:52:00', '2026-04-16 14:52:00'),
(279, 60, 202, 1, '2026-04-16 14:52:00', '2026-04-16 14:52:00'),
(280, 60, 203, 10, '2026-04-16 14:52:00', '2026-04-16 14:52:00'),
(281, 60, 204, 15, '2026-04-16 14:52:00', '2026-04-16 14:52:00'),
(282, 60, 205, 4, '2026-04-16 14:52:00', '2026-04-16 14:52:00'),
(283, 60, 206, 4, '2026-04-16 14:52:00', '2026-04-16 14:52:00'),
(284, 61, 143, 0.064, '2026-04-16 14:52:00', '2026-04-16 14:52:00'),
(285, 61, 129, 0.107, '2026-04-16 14:52:00', '2026-04-16 14:52:00'),
(286, 61, 121, 0.011, '2026-04-16 14:52:00', '2026-04-16 14:52:00'),
(287, 61, 117, 0.004, '2026-04-16 14:52:00', '2026-04-16 14:52:00'),
(288, 61, 207, 1, '2026-04-16 14:52:00', '2026-04-16 14:52:00'),
(289, 61, 208, 1, '2026-04-16 14:52:00', '2026-04-16 14:52:00'),
(290, 61, 227, 0.25, '2026-04-16 14:52:00', '2026-04-16 14:52:00'),
(291, 62, 143, 0.129, '2026-04-16 14:52:00', '2026-04-16 14:52:00'),
(292, 62, 129, 0.215, '2026-04-16 14:52:00', '2026-04-16 14:52:00'),
(293, 62, 121, 0.021, '2026-04-16 14:52:00', '2026-04-16 14:52:00'),
(294, 62, 117, 0.007, '2026-04-16 14:52:00', '2026-04-16 14:52:00'),
(295, 62, 210, 1, '2026-04-16 14:52:00', '2026-04-16 14:52:00'),
(296, 62, 211, 2, '2026-04-16 14:52:00', '2026-04-16 14:52:00'),
(297, 63, 143, 0.0667, '2026-04-16 14:52:00', '2026-04-16 14:52:00'),
(298, 63, 136, 0.0667, '2026-04-16 14:52:00', '2026-04-16 15:00:53'),
(299, 63, 121, 0.0067, '2026-04-16 14:52:00', '2026-04-16 14:52:00'),
(300, 63, 117, 0.0022, '2026-04-16 14:52:00', '2026-04-16 14:52:00'),
(301, 63, 212, 0.1, '2026-04-16 14:52:00', '2026-04-16 14:52:00'),
(302, 63, 213, 0.26, '2026-04-16 14:52:00', '2026-04-16 14:52:00'),
(303, 64, 143, 0.1667, '2026-04-16 14:52:00', '2026-04-16 14:52:00'),
(304, 64, 136, 0.0833, '2026-04-16 14:52:00', '2026-04-19 04:29:04'),
(305, 64, 121, 0.0083, '2026-04-16 14:52:00', '2026-04-16 14:52:00'),
(306, 64, 117, 0.0028, '2026-04-16 14:52:00', '2026-04-16 14:52:00'),
(307, 64, 214, 16.67, '2026-04-16 14:52:00', '2026-04-16 14:52:00'),
(308, 65, 143, 0.1, '2026-04-16 14:52:00', '2026-04-16 14:52:00'),
(309, 65, 138, 0.05, '2026-04-16 14:52:00', '2026-04-16 14:52:00'),
(310, 65, 122, 0.35, '2026-04-16 14:52:00', '2026-04-16 14:52:00'),
(311, 65, 121, 0.005, '2026-04-16 14:52:00', '2026-04-16 14:52:00'),
(312, 65, 117, 0.0017, '2026-04-16 14:52:00', '2026-04-16 14:52:00'),
(313, 65, 226, 1.3125, '2026-04-16 14:52:00', '2026-04-16 14:52:00'),
(314, 65, 221, 0.11, '2026-04-16 14:52:00', '2026-04-16 14:52:00'),
(315, 65, 220, 2, '2026-04-16 14:52:00', '2026-04-16 14:52:00'),
(316, 65, 219, 2, '2026-04-16 14:52:00', '2026-04-16 14:52:00'),
(317, 66, 143, 0.1, '2026-04-16 14:52:00', '2026-04-16 14:52:00'),
(318, 66, 138, 0.05, '2026-04-16 14:52:00', '2026-04-16 14:52:00'),
(319, 66, 122, 0.35, '2026-04-16 14:52:00', '2026-04-16 14:52:00'),
(320, 66, 121, 0.005, '2026-04-16 14:52:00', '2026-04-16 14:52:00'),
(321, 66, 117, 0.0017, '2026-04-16 14:52:00', '2026-04-16 14:52:00'),
(322, 66, 225, 1.3125, '2026-04-16 14:52:00', '2026-04-16 14:52:00'),
(323, 66, 221, 0.11, '2026-04-16 14:52:00', '2026-04-16 14:52:00'),
(324, 66, 220, 2, '2026-04-16 14:52:00', '2026-04-16 14:52:00'),
(325, 66, 219, 2, '2026-04-16 14:52:00', '2026-04-16 14:52:00'),
(326, 67, 143, 0.025, '2026-04-16 14:52:00', '2026-04-16 14:52:00'),
(327, 67, 138, 0.025, '2026-04-16 14:52:00', '2026-04-16 14:52:00'),
(328, 67, 121, 0.0025, '2026-04-16 14:52:00', '2026-04-16 14:52:00'),
(330, 67, 215, 1.1, '2026-04-16 14:52:00', '2026-04-16 14:52:00'),
(331, 67, 216, 1, '2026-04-16 14:52:00', '2026-04-16 14:52:00'),
(332, 68, 143, 0.025, '2026-04-16 14:52:00', '2026-04-16 14:52:00'),
(333, 68, 138, 0.025, '2026-04-16 14:52:00', '2026-04-16 14:52:00'),
(334, 68, 121, 0.0025, '2026-04-16 14:52:00', '2026-04-16 14:52:00'),
(335, 68, 117, 0.0008, '2026-04-16 14:52:00', '2026-04-16 14:52:00'),
(336, 68, 222, 1.1, '2026-04-16 14:52:00', '2026-04-16 14:52:00'),
(337, 68, 216, 1, '2026-04-16 14:52:00', '2026-04-16 14:52:00'),
(338, 69, 143, 0.025, '2026-04-16 14:52:00', '2026-04-16 14:52:00'),
(339, 69, 138, 0.025, '2026-04-16 14:52:00', '2026-04-16 14:52:00'),
(340, 69, 121, 0.0025, '2026-04-16 14:52:00', '2026-04-16 14:52:00'),
(341, 69, 117, 0.0008, '2026-04-16 14:52:00', '2026-04-16 14:52:00'),
(342, 69, 222, 1.1, '2026-04-16 14:52:00', '2026-04-16 14:52:00'),
(343, 69, 216, 1, '2026-04-16 14:52:00', '2026-04-16 14:52:00'),
(344, 70, 228, 1, '2026-04-16 15:11:29', '2026-04-16 15:12:37'),
(345, 71, 229, 1, '2026-04-17 03:48:13', '2026-04-17 03:48:13'),
(346, 72, 230, 1, '2026-04-18 04:24:40', '2026-04-18 04:24:40'),
(347, 73, 231, 1, '2026-04-18 04:25:13', '2026-04-18 04:25:13'),
(348, 74, 232, 1, '2026-04-18 04:25:57', '2026-04-18 04:25:57'),
(349, 75, 233, 1, '2026-04-18 04:26:25', '2026-04-18 04:26:25'),
(350, 76, 234, 1, '2026-04-18 04:26:49', '2026-04-18 04:26:49'),
(351, 77, 235, 1, '2026-04-18 04:27:16', '2026-04-18 04:27:16'),
(352, 78, 236, 1, '2026-04-18 04:27:39', '2026-04-18 04:27:39'),
(353, 79, 237, 1, '2026-04-18 04:28:10', '2026-04-18 04:28:10'),
(354, 80, 238, 1, '2026-04-18 04:28:59', '2026-04-18 04:28:59'),
(355, 81, 239, 1, '2026-04-18 04:29:10', '2026-04-18 04:29:10'),
(356, 67, 117, 0.0008, '2026-04-18 05:01:59', '2026-04-18 05:01:59'),
(357, 63, 240, 1, '2026-04-22 17:48:49', '2026-04-22 17:54:43'),
(358, 63, 241, 1, '2026-04-22 17:49:51', '2026-04-22 17:54:46'),
(359, 63, 242, 1, '2026-04-22 17:49:58', '2026-04-22 17:54:49'),
(360, 63, 243, 1, '2026-04-22 17:50:05', '2026-04-22 17:54:52'),
(361, 63, 244, 1, '2026-04-22 17:50:18', '2026-04-22 17:54:55');

-- --------------------------------------------------------

--
-- Table structure for table `project_items`
--

CREATE TABLE `project_items` (
  `id` int NOT NULL,
  `project_id` int NOT NULL,
  `nama` varchar(255) NOT NULL,
  `tipe` enum('TENAGA','BAHAN','ALAT') NOT NULL,
  `satuan` varchar(255) NOT NULL,
  `harga` decimal(15,2) NOT NULL,
  `terbilang` int DEFAULT NULL,
  `createdAt` datetime NOT NULL,
  `updatedAt` datetime NOT NULL,
  `category` varchar(255) DEFAULT NULL
) ENGINE=InnoDB DEFAULT CHARSET=utf8mb4 COLLATE=utf8mb4_0900_ai_ci;

--
-- Dumping data for table `project_items`
--

INSERT INTO `project_items` (`id`, `project_id`, `nama`, `tipe`, `satuan`, `harga`, `terbilang`, `createdAt`, `updatedAt`, `category`) VALUES
(104, 2, 'Tenaga ahli muda (S1 min 5 th)', 'TENAGA', 'OH', 1034720.00, 1, '2026-04-16 06:33:47', '2026-04-16 06:33:47', NULL),
(105, 2, 'Tenaga ahli madya (S1 min 9 th)', 'TENAGA', 'OH', 1295184.00, 1, '2026-04-16 06:33:47', '2026-04-16 06:33:47', NULL),
(106, 2, 'Tenaga ahli utama (S1 min 13 th)', 'TENAGA', 'OH', 1552080.00, 1, '2026-04-16 06:33:47', '2026-04-16 06:33:47', NULL),
(107, 2, 'Operator printer/plotter', 'TENAGA', 'OH', 141373.56, 1, '2026-04-16 06:33:47', '2026-04-16 06:33:47', NULL),
(108, 2, 'Tenaga Terampil Operator', 'TENAGA', 'OH', 184461.26, 1, '2026-04-16 06:33:47', '2026-04-16 06:33:47', NULL),
(109, 2, 'Juru gambar (drafter)', 'TENAGA', 'OH', 245120.00, 1, '2026-04-16 06:33:47', '2026-04-16 06:33:47', NULL),
(110, 2, 'Kenek truk', 'TENAGA', 'OH', 156664.28, 1, '2026-04-16 06:33:47', '2026-04-16 06:33:47', NULL),
(111, 2, 'Supir truk', 'TENAGA', 'OH', 186331.91, 1, '2026-04-16 06:33:47', '2026-04-16 06:33:47', NULL),
(112, 2, 'Pembantu operator', 'TENAGA', 'OH', 169005.45, 1, '2026-04-16 06:33:47', '2026-04-16 06:33:47', NULL),
(113, 2, 'Operator alat berat', 'TENAGA', 'OH', 197893.58, 1, '2026-04-16 06:33:47', '2026-04-16 06:33:47', NULL),
(114, 2, 'Mekanik alat berat', 'TENAGA', 'OH', 197893.58, 1, '2026-04-16 06:33:47', '2026-04-16 06:33:47', NULL),
(115, 2, 'Pembantu juru ukur', 'TENAGA', 'OH', 141373.56, 1, '2026-04-16 06:33:47', '2026-04-16 06:33:47', NULL),
(116, 2, 'Juru ukur', 'TENAGA', 'OH', 166330.28, 1, '2026-04-16 06:33:47', '2026-04-16 06:33:47', NULL),
(117, 2, 'Mandor', 'TENAGA', 'OH', 197014.15, 1, '2026-04-16 06:33:47', '2026-04-16 06:33:47', NULL),
(118, 2, 'Mandor Style Bali', 'TENAGA', 'OH', 215662.50, 1, '2026-04-16 06:33:47', '2026-04-16 06:33:47', NULL),
(119, 2, 'Kepala Tukang Style Bali', 'TENAGA', 'OH', 199687.50, 1, '2026-04-16 06:33:47', '2026-04-16 06:33:47', NULL),
(120, 2, 'Kepala tukang tanam', 'TENAGA', 'OH', 197014.15, 1, '2026-04-16 06:33:47', '2026-04-16 06:33:47', NULL),
(121, 2, 'Kepala tukang', 'TENAGA', 'OH', 184461.26, 1, '2026-04-16 06:33:47', '2026-04-16 06:33:47', NULL),
(122, 2, 'Tukang Besi', 'TENAGA', 'OH', 151762.50, 1, '2026-04-16 06:33:47', '2026-04-16 06:33:47', NULL),
(123, 2, 'Tukang alumunium/ kaca', 'TENAGA', 'OH', 151762.50, 1, '2026-04-16 06:33:47', '2026-04-16 06:33:47', NULL),
(124, 2, 'Tukang khusus alumunium', 'TENAGA', 'OH', 151762.50, 1, '2026-04-16 06:33:47', '2026-04-16 06:33:47', NULL),
(125, 2, 'Tukang las konstruksi', 'TENAGA', 'OH', 151762.50, 1, '2026-04-16 06:33:47', '2026-04-16 06:33:47', NULL),
(126, 2, 'Tukang las biasa', 'TENAGA', 'OH', 151762.50, 1, '2026-04-16 06:33:47', '2026-04-16 06:33:47', NULL),
(127, 2, 'Tukang alumunium', 'TENAGA', 'OH', 151762.50, 1, '2026-04-16 06:33:47', '2026-04-16 06:33:47', NULL),
(128, 2, 'Tukang las', 'TENAGA', 'OH', 151762.50, 1, '2026-04-16 06:33:47', '2026-04-16 06:33:47', NULL),
(129, 2, 'Tukang listrik', 'TENAGA', 'OH', 151762.50, 1, '2026-04-16 06:33:47', '2026-04-16 06:33:47', NULL),
(130, 2, 'Tukang ukiran Bali', 'TENAGA', 'm2', 183712.50, 1, '2026-04-16 06:33:47', '2026-04-16 06:33:47', NULL),
(131, 2, 'Tukang ukir style Bali', 'TENAGA', 'OH', 181050.00, 1, '2026-04-16 06:33:47', '2026-04-16 06:33:47', NULL),
(132, 2, 'Tukang style Bali', 'TENAGA', 'OH', 178387.50, 1, '2026-04-16 06:33:47', '2026-04-16 06:33:47', NULL),
(133, 2, 'Tukang tanam', 'TENAGA', 'OH', 183712.50, 1, '2026-04-16 06:33:47', '2026-04-16 06:33:47', NULL),
(134, 2, 'Tukang ereksi', 'TENAGA', 'OH', 175111.53, 1, '2026-04-16 06:33:47', '2026-04-16 06:33:47', NULL),
(135, 2, 'Tukang pipa', 'TENAGA', 'OH', 175111.53, 1, '2026-04-16 06:33:47', '2026-04-16 06:33:47', NULL),
(136, 2, 'Tukang cat/pelitur', 'TENAGA', 'OH', 175111.53, 3, '2026-04-16 06:33:47', '2026-04-22 17:38:53', NULL),
(137, 2, 'Tukang besi/besi beton', 'TENAGA', 'OH', 175111.53, 1, '2026-04-16 06:33:47', '2026-04-16 06:33:47', NULL),
(138, 2, 'Tukang kayu', 'TENAGA', 'OH', 175111.53, 1, '2026-04-16 06:33:47', '2026-04-16 06:33:47', NULL),
(139, 2, 'Tukang tembok', 'TENAGA', 'OH', 175111.53, 1, '2026-04-16 06:33:47', '2026-04-16 06:33:47', NULL),
(140, 2, 'Tukang batu', 'TENAGA', 'OH', 175111.53, 1, '2026-04-16 06:33:47', '2026-04-16 06:33:47', NULL),
(141, 2, 'Tukang ', 'TENAGA', 'OH', 175111.53, 1, '2026-04-16 06:33:47', '2026-04-16 06:33:47', NULL),
(142, 2, 'Tukang gali', 'TENAGA', 'OH', 175111.53, 1, '2026-04-16 06:33:47', '2026-04-16 06:33:47', NULL),
(143, 2, 'Pekerja', 'TENAGA', 'Org/Hari', 151640.10, 5, '2026-04-16 06:33:47', '2026-04-22 17:38:37', NULL),
(144, 2, 'Tenaga ahli pratama (S1 min 3 th)', 'TENAGA', 'OH', 906272.00, 1, '2026-04-16 06:33:56', '2026-04-16 06:33:56', NULL),
(145, 2, 'Peralatan Pompa Lumpur Diesel 10 KW; 5\"', 'ALAT', 'Hari', 370000.00, 1, '2026-04-16 06:36:46', '2026-04-16 06:36:46', NULL),
(146, 2, 'Peralatan Pompa Lumpur Diesel 7,5 KW; 4\"', 'ALAT', 'Hari', 370000.00, 1, '2026-04-16 06:36:46', '2026-04-16 06:36:46', NULL),
(147, 2, 'Crane on Track', 'ALAT', 'jam', 851087.00, 1, '2026-04-16 06:36:46', '2026-04-16 06:36:46', NULL),
(148, 2, 'Tripod 7 m', 'ALAT', 'Hari', 135000.00, 1, '2026-04-16 06:36:46', '2026-04-16 06:36:46', NULL),
(149, 2, 'Hoist 1 ton', 'ALAT', 'Hari', 350000.00, 1, '2026-04-16 06:36:46', '2026-04-16 06:36:46', NULL),
(150, 2, 'Gergaji', 'ALAT', 'bh', 50000.00, 1, '2026-04-16 06:36:46', '2026-04-16 06:36:46', NULL),
(151, 2, 'Linggis', 'ALAT', 'bh', 50000.00, 1, '2026-04-16 06:36:46', '2026-04-16 06:36:46', NULL),
(152, 2, 'Palu/godam', 'ALAT', 'bh', 50000.00, 1, '2026-04-16 06:36:46', '2026-04-16 06:36:46', NULL),
(153, 2, 'Bulldozer 155 HP', 'ALAT', 'Jam', 630000.00, 1, '2026-04-16 06:36:46', '2026-04-16 06:36:46', NULL),
(154, 2, 'Water Tank 3.000-4.500 L ', 'ALAT', 'Jam', 150000.00, 1, '2026-04-16 06:36:46', '2026-04-16 06:36:46', NULL),
(155, 2, 'Flaat Deck Truck 7 ton', 'ALAT', 'Jam', 450000.00, 1, '2026-04-16 06:36:46', '2026-04-16 06:36:46', NULL),
(156, 2, 'Alat Pembengkok Tulangan', 'ALAT', 'Hari', 300000.00, 1, '2026-04-16 06:36:46', '2026-04-16 06:36:46', NULL),
(157, 2, 'Waterpass', 'ALAT', 'Hari', 300000.00, 1, '2026-04-16 06:36:46', '2026-04-16 06:36:46', NULL),
(158, 2, 'Bor: Auger ∅ 40 cm', 'ALAT', 'Jam', 875000.00, 1, '2026-04-16 06:36:46', '2026-04-16 06:36:46', NULL),
(159, 2, 'Bor: Auger ∅ 35 cm', 'ALAT', 'Jam', 870000.00, 1, '2026-04-16 06:36:46', '2026-04-16 06:36:46', NULL),
(160, 2, 'Bor: Auger ∅ 30 cm', 'ALAT', 'Jam', 860000.00, 1, '2026-04-16 06:36:46', '2026-04-16 06:36:46', NULL),
(161, 2, 'Stang bor, batang bor diameter 1 1/4\"', 'ALAT', 'Jam', 505000.00, 1, '2026-04-16 06:36:46', '2026-04-16 06:36:46', NULL),
(162, 2, 'Crane Mobile 7 ton', 'ALAT', 'Jam', 851087.00, 1, '2026-04-16 06:36:46', '2026-04-16 06:36:46', NULL),
(163, 2, 'Alat Las Listrik', 'ALAT', 'Jam', 145127.00, 1, '2026-04-16 06:36:46', '2026-04-16 06:36:46', NULL),
(164, 2, 'Molen/Beton mixer 0,35 m3 dilengkapi Automatic Feeder', 'ALAT', 'Hari', 857220.00, 1, '2026-04-16 06:36:46', '2026-04-16 06:36:46', NULL),
(165, 2, 'Jack hammer dan genset; 12 HP', 'ALAT', 'Hari', 423339.00, 1, '2026-04-16 06:36:46', '2026-04-16 06:36:46', NULL),
(166, 2, 'Bender baja beton', 'ALAT', 'Hari', 574007.00, 1, '2026-04-16 06:36:46', '2026-04-16 06:36:46', NULL),
(167, 2, 'Cutter baja beton', 'ALAT', 'Hari', 100000.00, 1, '2026-04-16 06:36:46', '2026-04-16 06:36:46', NULL),
(168, 2, 'Genset 5 KW', 'ALAT', 'Jam', 38000.00, 1, '2026-04-16 06:36:46', '2026-04-16 06:36:46', NULL),
(169, 2, 'Jack Hammer Drill 2,5 KW', 'ALAT', 'Jam', 78620.00, 1, '2026-04-16 06:36:46', '2026-04-16 06:36:46', NULL),
(170, 2, 'Jack Hammer Drill-1,5 KW', 'ALAT', 'Jam', 60477.00, 1, '2026-04-16 06:36:46', '2026-04-16 06:36:46', NULL),
(171, 2, 'Genset 3 KWH', 'ALAT', 'Jam', 38000.00, 1, '2026-04-16 06:36:46', '2026-04-16 06:36:46', NULL),
(172, 2, 'Roller, Vibro - 25 HP; 8 - 12 Ton', 'ALAT', 'Jam', 519337.00, 1, '2026-04-16 06:36:46', '2026-04-16 06:36:46', NULL),
(173, 2, 'Roller, Vibro - 25 HP; 5 - 8 Ton', 'ALAT', 'Jam', 419337.00, 1, '2026-04-16 06:36:46', '2026-04-16 06:36:46', NULL),
(174, 2, 'Wheel Loader 1,62 m3; 170 HP', 'ALAT', 'Jam', 647736.00, 1, '2026-04-16 06:36:46', '2026-04-16 06:36:46', NULL),
(175, 2, 'Mesin Potong Baja', 'ALAT', 'unit/hr', 574007.00, 1, '2026-04-16 06:36:46', '2026-04-16 06:36:46', NULL),
(176, 2, 'Pahat beton (baja keras)', 'ALAT', 'bh', 52000.00, 1, '2026-04-16 06:36:46', '2026-04-16 06:36:46', NULL),
(177, 2, 'Bor: Auger', 'ALAT', 'm', 200000.00, 1, '2026-04-16 06:36:46', '2026-04-16 06:36:46', NULL),
(178, 2, 'Stang bor, batang bor diameter 1 1/4\"', 'ALAT', 'm', 505000.00, 1, '2026-04-16 06:36:46', '2026-04-16 06:36:46', NULL),
(179, 2, 'Electrik Hand Hammer', 'ALAT', 'bh', 9000000.00, 1, '2026-04-16 06:36:46', '2026-04-16 06:36:46', NULL),
(180, 2, 'Mesin Potong Gergaji / Mesin Core Drilling', 'ALAT', 'bh', 6900000.00, 1, '2026-04-16 06:36:46', '2026-04-16 06:36:46', NULL),
(181, 2, 'Mata Gergaji/Mata Core Drilling', 'ALAT', 'bh', 480000.00, 1, '2026-04-16 06:36:46', '2026-04-16 06:36:46', NULL),
(182, 2, 'Crane 10-15 ton', 'ALAT', 'jam', 851087.00, 1, '2026-04-16 06:36:46', '2026-04-16 06:36:46', NULL),
(183, 2, 'Excavator PC 75', 'ALAT', 'jam', 326743.00, 1, '2026-04-16 06:36:46', '2026-04-16 06:36:46', NULL),
(184, 2, 'Excavator PC 200', 'ALAT', 'jam', 657180.00, 1, '2026-04-16 06:36:46', '2026-04-16 06:36:46', NULL),
(185, 2, 'Motor Grader >100HP', 'ALAT', 'jam', 673976.00, 1, '2026-04-16 06:36:46', '2026-04-16 06:36:46', NULL),
(186, 2, 'Dump Truck 3.5 Ton', 'ALAT', 'jam', 506906.00, 1, '2026-04-16 06:36:46', '2026-04-16 06:36:46', NULL),
(187, 2, 'Compressor 4000-6500 L\\M', 'ALAT', 'jam', 249858.00, 1, '2026-04-16 06:36:46', '2026-04-16 06:36:46', NULL),
(188, 2, 'Jack Hammer', 'ALAT', 'jam', 60477.00, 1, '2026-04-16 06:36:46', '2026-04-16 06:36:46', NULL),
(189, 2, 'Chainsaw', 'ALAT', 'unit/hr', 424438.00, 1, '2026-04-16 06:36:46', '2026-04-16 06:36:46', NULL),
(190, 2, 'Pemadat timbunan (Stamper)', 'ALAT', 'unit/hr', 670264.00, 1, '2026-04-16 06:36:46', '2026-04-16 06:36:46', NULL),
(191, 2, 'Kereta dorong', 'ALAT', 'unit/hr', 550000.00, 1, '2026-04-16 06:36:46', '2026-04-16 06:36:46', NULL),
(192, 2, 'Concrete vibrator', 'ALAT', 'unit/hr', 492163.00, 1, '2026-04-16 06:36:46', '2026-04-16 06:36:46', NULL),
(193, 2, 'Pipe suport', 'ALAT', 'hari', 250000.00, 1, '2026-04-16 06:37:00', '2026-04-16 06:37:00', NULL),
(194, 2, 'Sewa scaffolding', 'ALAT', 'hari', 5000.00, 1, '2026-04-16 06:37:04', '2026-04-16 06:37:04', NULL),
(195, 2, 'Saklar tunggal schneider', 'BAHAN', 'bh', 26000.00, NULL, '2026-04-16 09:25:49', '2026-04-16 09:25:49', 'Skalar Tunggal'),
(196, 2, 'Saklar double schneider', 'BAHAN', 'bh', 40000.00, NULL, '2026-04-16 09:25:49', '2026-04-16 09:25:49', 'Skalar Tunggal'),
(197, 2, 'Kabel NYM 3 x 2.5 mm ex. Supreme', 'BAHAN', 'm', 21250.00, NULL, '2026-04-16 09:25:49', '2026-04-16 09:25:49', 'Kabel NYM'),
(198, 2, 'Pipa clipsal 20 mm', 'BAHAN', 'm', 5517.24, NULL, '2026-04-16 09:25:49', '2026-04-16 09:25:49', 'Pipa conduit'),
(199, 2, 'Tee dos clipsal 20 mm', 'BAHAN', 'bh', 8500.00, NULL, '2026-04-16 09:25:49', '2026-04-16 09:25:49', 'Tee dos'),
(200, 2, 'Sock clipsal 20 mm', 'BAHAN', 'bh', 2000.00, NULL, '2026-04-16 09:25:49', '2026-04-16 09:25:49', 'Sock Pipa conduit'),
(201, 2, 'Isolasi /4', 'BAHAN', 'm', 217.72, NULL, '2026-04-16 09:25:49', '2026-04-16 09:25:49', 'Aksesoris Listrik'),
(202, 2, 'Flexible Conduit 20 mm', 'BAHAN', 'm', 6000.00, NULL, '2026-04-16 09:25:49', '2026-04-16 09:25:49', 'Aksesoris Listrik'),
(203, 2, 'Klem clipsal 20 mm', 'BAHAN', 'bh', 1500.00, NULL, '2026-04-16 09:25:49', '2026-04-16 09:25:49', 'Klem Kabel'),
(204, 2, 'Fisher S5 + Skrup', 'BAHAN', 'bh', 1300.00, NULL, '2026-04-16 09:25:49', '2026-04-16 09:25:49', 'Klem Kabel'),
(205, 2, 'Elbow', 'BAHAN', 'bh', 7000.00, NULL, '2026-04-16 09:25:49', '2026-04-16 09:25:49', 'Klem Kabel'),
(206, 2, 'Lasdop', 'BAHAN', 'bh', 300.00, NULL, '2026-04-16 09:25:49', '2026-04-16 09:25:49', 'Klem Kabel'),
(207, 2, 'Cup lampu down light philips', 'BAHAN', 'bh', 121000.00, NULL, '2026-04-16 09:25:49', '2026-04-16 09:25:49', 'Lampu Downlight'),
(208, 2, 'Bola lampu 10 watt philips LED', 'BAHAN', 'bh', 67500.00, NULL, '2026-04-16 09:25:49', '2026-04-16 09:25:49', 'Lampu LED'),
(209, 2, 'Isolasi', 'BAHAN', 'bh', 19900.00, NULL, '2026-04-16 09:25:49', '2026-04-16 09:25:49', 'Aksesoris Listrik'),
(210, 2, 'Cup lampu RMI merk SUI isi 2 lampu', 'BAHAN', 'bh', 450000.00, NULL, '2026-04-16 09:25:49', '2026-04-16 09:25:49', 'Lampu LED RMI'),
(211, 2, 'Lampu tube 8 watt philips LED', 'BAHAN', 'bh', 50000.00, NULL, '2026-04-16 09:25:49', '2026-04-16 09:25:49', 'Lampu LED RMI'),
(212, 2, 'Alkali killer sealer nippon paint', 'BAHAN', 'kg', 80775.00, NULL, '2026-04-16 09:25:49', '2026-04-16 09:25:49', 'Cat Dasar Tembok'),
(213, 2, 'Cat Tembok Spotless plus warna standar (cat anti noda dan anti virus) nippon paint', 'BAHAN', 'kg', 93149.00, NULL, '2026-04-16 09:25:49', '2026-04-16 09:25:49', 'Cat Tembok'),
(214, 2, 'Mortar TM 290 Render (Plaster Sekaligus Acian) 50 kg', 'BAHAN', 'kg', 2800.00, NULL, '2026-04-16 09:25:49', '2026-04-16 09:25:49', 'Semen Instan'),
(215, 2, 'List plafond UPVC Adaron putih polos', 'BAHAN', 'm1', 13750.00, NULL, '2026-04-16 09:25:49', '2026-04-16 09:25:49', 'Plafond'),
(216, 2, 'Accessories', 'BAHAN', 'ls', 500.00, NULL, '2026-04-16 09:25:49', '2026-04-16 09:25:49', 'Aksesoris Listrik'),
(217, 2, 'Rangka plafond hollow Garuda 2x4 cm ', 'BAHAN', 'btg', 26000.00, NULL, '2026-04-16 14:48:17', '2026-04-16 14:48:17', 'HOLLOW BAJA RINGAN'),
(218, 2, 'Rangka plafond hollow Garuda 4x4 cm ', 'BAHAN', 'btg', 37000.00, NULL, '2026-04-16 14:50:04', '2026-04-16 14:50:04', 'HOLLOW BAJA RINGAN'),
(219, 2, 'Rangka plafond hollow A Plus 2x4 cm ', 'BAHAN', 'btg', 6500.00, NULL, '2026-04-16 14:50:15', '2026-04-16 15:05:17', 'HOLLOW BAJA RINGAN'),
(220, 2, 'Rangka plafond hollow A Plus 4x4 cm ', 'BAHAN', 'btg', 9250.00, NULL, '2026-04-16 14:50:15', '2026-04-16 15:04:50', 'HOLLOW BAJA RINGAN'),
(221, 2, 'Paku skrup 2', 'BAHAN', 'kg', 40000.00, NULL, '2026-04-16 14:50:15', '2026-04-16 14:50:15', 'Paku Skrup dan DYN'),
(222, 2, 'List plafond UPVC Adaron motif kayu', 'BAHAN', 'btg', 13750.00, NULL, '2026-04-16 14:50:15', '2026-04-16 15:06:51', 'PLAFOND PVC/UPVC'),
(223, 2, 'Plafond UPVC S Plus motif kayu', 'BAHAN', 'lbr', 105000.00, NULL, '2026-04-16 14:50:15', '2026-04-16 14:50:15', 'PLAFOND PVC/UPVC'),
(224, 2, 'Plafond UPVC S Plus putih polos', 'BAHAN', 'lbr', 90000.00, NULL, '2026-04-16 14:50:15', '2026-04-16 14:50:15', 'PLAFOND PVC/UPVC'),
(225, 2, 'Plafond UPVC Adaron motif kayu', 'BAHAN', 'lbr', 105000.00, NULL, '2026-04-16 14:50:15', '2026-04-16 14:50:15', 'PLAFOND PVC/UPVC'),
(226, 2, 'Plafond UPVC Adaron putih polos', 'BAHAN', 'lbr', 90000.00, NULL, '2026-04-16 14:50:15', '2026-04-16 14:50:15', 'PLAFOND PVC/UPVC'),
(227, 2, 'Isolasi ', 'BAHAN', 'bh', 19900.00, NULL, '2026-04-16 14:50:15', '2026-04-16 14:50:15', 'Aksesoris Listrik'),
(228, 2, 'Pekerja Dua', 'TENAGA', 'OH', 5000.00, 1, '2026-04-16 15:12:28', '2026-04-16 15:12:28', NULL),
(229, 2, 'Pembuatan Manual, Prosedur, Instruksi Kerja, Ijin Kerja', 'BAHAN', 'set', 1999280.81, NULL, '2026-04-17 03:34:30', '2026-04-17 03:34:30', 'penyiaman RK3K'),
(230, 2, 'Spanduk (banner) :( 62m)', 'BAHAN', 'unit', 300000.00, NULL, '2026-04-18 04:15:21', '2026-04-18 04:15:21', 'sosialisasi dan promoso smkk'),
(231, 2, 'Poster', 'BAHAN', 'bh', 150000.00, NULL, '2026-04-18 04:16:01', '2026-04-18 04:16:01', 'sosialisasi dan promosi smkk'),
(232, 2, 'Topi Pelindung (Safety Helmet)', 'BAHAN', 'bh', 25000.00, NULL, '2026-04-18 04:19:43', '2026-04-18 04:19:43', 'Alat Pelindung Kerja Dan Alat Pelindung Diri'),
(233, 2, 'Pelindung pernafasan dan mulut (Masker)', 'BAHAN', 'Kotak', 60000.00, NULL, '2026-04-18 04:20:25', '2026-04-18 04:20:25', 'Alat Pelindung Kerja Dan Alat Pelindung Diri'),
(234, 2, 'Sepatu keselamatan (Rubber safety shoes and toe cap)', 'BAHAN', 'psg', 68000.00, NULL, '2026-04-18 04:20:48', '2026-04-18 04:20:48', 'Alat Pelindung Kerja Dan Alat Pelindung Diri'),
(235, 2, 'Rompi keselamatan (safety vest)', 'BAHAN', 'bh', 35000.00, NULL, '2026-04-18 04:21:20', '2026-04-18 04:21:20', 'Alat Pelindung Kerja Dan Alat Pelindung Diri'),
(236, 2, 'BPJS  Ketenagakerjaan', 'BAHAN', 'ls', 800000.00, NULL, '2026-04-18 04:21:59', '2026-04-18 04:21:59', 'Asuransi dan Perizinan'),
(237, 2, 'Peralatan K3 (Kotak P3k, Obat Luka, Perban, Dll)', 'BAHAN', 'ls', 1500000.00, NULL, '2026-04-18 04:22:40', '2026-04-18 04:22:40', 'Fasilitas, Sarana dan Prasarana Kesehatan'),
(238, 2, 'Rambu petunjuk', 'BAHAN', 'bh', 85000.00, NULL, '2026-04-18 04:23:11', '2026-04-18 04:23:11', 'Rambu-rambu'),
(239, 2, 'Rambu peringatan', 'BAHAN', 'bh', 85000.00, NULL, '2026-04-18 04:23:35', '2026-04-18 04:23:35', 'Rambu-rambu'),
(240, 2, 'Gergaji', 'ALAT', 'bh', 0.00, 1, '2026-04-22 17:44:56', '2026-04-22 17:44:56', NULL),
(241, 2, 'Spidol', 'ALAT', 'bh', 0.00, 1, '2026-04-22 17:46:04', '2026-04-22 17:46:04', NULL),
(242, 2, 'Mesin Bor', 'ALAT', 'bh', 0.00, 1, '2026-04-22 17:46:17', '2026-04-22 17:46:17', NULL),
(243, 2, 'Palu', 'ALAT', 'bh', 0.00, 1, '2026-04-22 17:46:30', '2026-04-22 17:46:30', NULL),
(244, 2, 'Waterpass', 'ALAT', 'bh', 0.00, 1, '2026-04-22 17:46:47', '2026-04-22 17:46:47', NULL);

-- --------------------------------------------------------

--
-- Table structure for table `project_periods`
--

CREATE TABLE `project_periods` (
  `id` int NOT NULL,
  `project_id` int NOT NULL,
  `bulan_ke` int NOT NULL,
  `nama` varchar(255) DEFAULT NULL,
  `start_date` datetime NOT NULL,
  `end_date` datetime NOT NULL,
  `createdAt` datetime NOT NULL,
  `updatedAt` datetime NOT NULL
) ENGINE=InnoDB DEFAULT CHARSET=utf8mb4 COLLATE=utf8mb4_0900_ai_ci;

--
-- Dumping data for table `project_periods`
--

INSERT INTO `project_periods` (`id`, `project_id`, `bulan_ke`, `nama`, `start_date`, `end_date`, `createdAt`, `updatedAt`) VALUES
(3, 2, 1, 'termin 1', '2026-03-03 00:00:00', '2026-03-30 00:00:00', '2026-04-18 15:59:36', '2026-04-18 16:00:33'),
(4, 2, 2, 'termin 2', '2026-03-31 00:00:00', '2026-04-20 00:00:00', '2026-04-18 16:01:08', '2026-04-18 16:01:08'),
(5, 2, 3, 'termin 3', '2026-04-21 00:00:00', '2026-05-01 00:00:00', '2026-04-18 16:02:03', '2026-04-18 16:02:03');

-- --------------------------------------------------------

--
-- Table structure for table `project_weeks`
--

CREATE TABLE `project_weeks` (
  `id` int NOT NULL,
  `project_id` int NOT NULL,
  `minggu_ke` int NOT NULL,
  `start_date` date DEFAULT NULL,
  `end_date` date DEFAULT NULL,
  `createdAt` datetime NOT NULL,
  `updatedAt` datetime NOT NULL
) ENGINE=InnoDB DEFAULT CHARSET=utf8mb4 COLLATE=utf8mb4_0900_ai_ci;

--
-- Dumping data for table `project_weeks`
--

INSERT INTO `project_weeks` (`id`, `project_id`, `minggu_ke`, `start_date`, `end_date`, `createdAt`, `updatedAt`) VALUES
(10, 2, 1, '2026-03-03', '2026-03-09', '2026-04-18 12:13:29', '2026-04-18 12:13:29'),
(11, 2, 2, '2026-03-10', '2026-03-16', '2026-04-18 12:13:29', '2026-04-18 12:13:29'),
(12, 2, 3, '2026-03-17', '2026-03-23', '2026-04-18 12:13:29', '2026-04-18 12:13:29'),
(13, 2, 4, '2026-03-24', '2026-03-30', '2026-04-18 12:13:29', '2026-04-18 12:13:29'),
(14, 2, 5, '2026-03-31', '2026-04-06', '2026-04-18 12:13:29', '2026-04-18 12:13:29'),
(15, 2, 6, '2026-04-07', '2026-04-13', '2026-04-18 12:13:29', '2026-04-18 12:13:29'),
(16, 2, 7, '2026-04-14', '2026-04-20', '2026-04-18 12:13:29', '2026-04-18 12:13:29'),
(17, 2, 8, '2026-04-21', '2026-04-27', '2026-04-18 12:13:29', '2026-04-18 12:13:29'),
(18, 2, 9, '2026-04-28', '2026-05-01', '2026-04-18 12:13:29', '2026-04-18 12:13:29');

-- --------------------------------------------------------

--
-- Table structure for table `refresh_tokens`
--

CREATE TABLE `refresh_tokens` (
  `id` int NOT NULL,
  `user_id` int NOT NULL,
  `token` text NOT NULL,
  `expired_at` datetime NOT NULL,
  `createdAt` datetime NOT NULL,
  `updatedAt` datetime NOT NULL
) ENGINE=InnoDB DEFAULT CHARSET=utf8mb4 COLLATE=utf8mb4_0900_ai_ci;

--
-- Dumping data for table `refresh_tokens`
--

INSERT INTO `refresh_tokens` (`id`, `user_id`, `token`, `expired_at`, `createdAt`, `updatedAt`) VALUES
(8, 1, 'eyJhbGciOiJIUzI1NiIsInR5cCI6IkpXVCJ9.eyJpZCI6MSwicm9sZSI6InN0YWYiLCJpYXQiOjE3NzcwMDE3MTIsImV4cCI6MTc3NzYwNjUxMn0.MOhdj1i8rdTX99zjukQ2B5F9T0cQ3f_q8egu7eWO7YE', '2026-05-01 03:35:12', '2026-04-24 03:35:12', '2026-04-24 03:35:12');

-- --------------------------------------------------------

--
-- Table structure for table `schedule_items`
--

CREATE TABLE `schedule_items` (
  `id` int NOT NULL,
  `project_id` int NOT NULL,
  `boq_id` int NOT NULL,
  `minggu_ke` int NOT NULL,
  `bobot` decimal(10,4) DEFAULT NULL,
  `createdAt` datetime NOT NULL,
  `updatedAt` datetime NOT NULL
) ENGINE=InnoDB DEFAULT CHARSET=utf8mb4 COLLATE=utf8mb4_0900_ai_ci;

--
-- Dumping data for table `schedule_items`
--

INSERT INTO `schedule_items` (`id`, `project_id`, `boq_id`, `minggu_ke`, `bobot`, `createdAt`, `updatedAt`) VALUES
(28, 2, 267, 1, 0.0620, '2026-04-18 13:01:00', '2026-04-18 13:01:00'),
(29, 2, 267, 2, 0.0620, '2026-04-18 13:01:00', '2026-04-18 13:01:00'),
(30, 2, 267, 3, 0.0620, '2026-04-18 13:01:00', '2026-04-18 13:01:00'),
(31, 2, 267, 4, 0.0620, '2026-04-18 13:01:00', '2026-04-18 13:01:00'),
(32, 2, 267, 5, 0.0620, '2026-04-18 13:01:00', '2026-04-18 13:01:00'),
(33, 2, 267, 6, 0.0620, '2026-04-18 13:01:00', '2026-04-18 13:01:00'),
(34, 2, 267, 7, 0.0620, '2026-04-18 13:01:00', '2026-04-18 13:01:00'),
(35, 2, 267, 8, 0.0620, '2026-04-18 13:01:00', '2026-04-18 13:01:00'),
(36, 2, 267, 9, 0.0620, '2026-04-18 13:01:00', '2026-04-18 13:01:00'),
(37, 2, 269, 1, 0.0090, '2026-04-18 13:01:00', '2026-04-18 13:01:00'),
(38, 2, 269, 2, 0.0090, '2026-04-18 13:01:00', '2026-04-18 13:01:00'),
(39, 2, 269, 3, 0.0090, '2026-04-18 13:01:00', '2026-04-18 13:01:00'),
(40, 2, 269, 4, 0.0090, '2026-04-18 13:01:00', '2026-04-18 13:01:00'),
(41, 2, 269, 5, 0.0090, '2026-04-18 13:01:00', '2026-04-18 13:01:00'),
(42, 2, 269, 6, 0.0090, '2026-04-18 13:01:00', '2026-04-18 13:01:00'),
(43, 2, 269, 7, 0.0090, '2026-04-18 13:01:00', '2026-04-18 13:01:00'),
(44, 2, 269, 8, 0.0090, '2026-04-18 13:01:00', '2026-04-18 13:01:00'),
(45, 2, 269, 9, 0.0120, '2026-04-18 13:01:00', '2026-04-18 13:01:00'),
(46, 2, 270, 1, 0.0050, '2026-04-18 13:01:00', '2026-04-18 13:01:00'),
(47, 2, 270, 2, 0.0050, '2026-04-18 13:01:00', '2026-04-18 13:01:00'),
(48, 2, 270, 3, 0.0050, '2026-04-18 13:01:00', '2026-04-18 13:01:00'),
(49, 2, 270, 4, 0.0050, '2026-04-18 13:01:00', '2026-04-18 13:01:00'),
(50, 2, 270, 5, 0.0050, '2026-04-18 13:01:00', '2026-04-18 13:01:00'),
(51, 2, 270, 6, 0.0050, '2026-04-18 13:01:00', '2026-04-18 13:01:00'),
(52, 2, 270, 7, 0.0050, '2026-04-18 13:01:00', '2026-04-18 13:01:00'),
(53, 2, 270, 8, 0.0050, '2026-04-18 13:01:00', '2026-04-18 13:01:00'),
(54, 2, 270, 9, 0.0020, '2026-04-18 13:01:00', '2026-04-18 13:01:00'),
(55, 2, 272, 1, 0.0040, '2026-04-18 13:01:00', '2026-04-18 13:01:00'),
(56, 2, 272, 2, 0.0040, '2026-04-18 13:01:00', '2026-04-18 13:01:00'),
(57, 2, 272, 3, 0.0040, '2026-04-18 13:01:00', '2026-04-18 13:01:00'),
(58, 2, 272, 4, 0.0040, '2026-04-18 13:01:00', '2026-04-18 13:01:00'),
(59, 2, 272, 5, 0.0040, '2026-04-18 13:01:00', '2026-04-18 13:01:00'),
(60, 2, 272, 6, 0.0040, '2026-04-18 13:01:00', '2026-04-18 13:01:00'),
(61, 2, 272, 7, 0.0040, '2026-04-18 13:01:00', '2026-04-18 13:01:00'),
(62, 2, 272, 8, 0.0040, '2026-04-18 13:01:00', '2026-04-18 13:01:00'),
(63, 2, 272, 9, 0.0030, '2026-04-18 13:01:00', '2026-04-18 13:01:00'),
(64, 2, 273, 1, 0.0020, '2026-04-18 13:01:00', '2026-04-18 13:01:00'),
(65, 2, 273, 2, 0.0020, '2026-04-18 13:01:00', '2026-04-18 13:01:00'),
(66, 2, 273, 3, 0.0020, '2026-04-18 13:01:00', '2026-04-18 13:01:00'),
(67, 2, 273, 4, 0.0020, '2026-04-18 13:01:00', '2026-04-18 13:01:00'),
(68, 2, 273, 5, 0.0020, '2026-04-18 13:01:00', '2026-04-18 13:01:00'),
(69, 2, 273, 6, 0.0020, '2026-04-18 13:01:00', '2026-04-18 13:01:00'),
(70, 2, 273, 7, 0.0020, '2026-04-18 13:01:00', '2026-04-18 13:01:00'),
(71, 2, 273, 8, 0.0020, '2026-04-18 13:01:00', '2026-04-18 13:01:00'),
(72, 2, 273, 9, 0.0010, '2026-04-18 13:01:00', '2026-04-18 13:01:00'),
(73, 2, 274, 1, 0.0110, '2026-04-18 13:01:00', '2026-04-18 13:01:00'),
(74, 2, 274, 2, 0.0110, '2026-04-18 13:01:00', '2026-04-18 13:01:00'),
(75, 2, 274, 3, 0.0110, '2026-04-18 13:01:00', '2026-04-18 13:01:00'),
(76, 2, 274, 4, 0.0110, '2026-04-18 13:01:00', '2026-04-18 13:01:00'),
(77, 2, 274, 5, 0.0110, '2026-04-18 13:01:00', '2026-04-18 13:01:00'),
(78, 2, 274, 6, 0.0110, '2026-04-18 13:01:00', '2026-04-18 13:01:00'),
(79, 2, 274, 7, 0.0110, '2026-04-18 13:01:00', '2026-04-18 13:01:00'),
(80, 2, 274, 8, 0.0110, '2026-04-18 13:01:00', '2026-04-18 13:01:00'),
(81, 2, 274, 9, 0.0070, '2026-04-18 13:01:00', '2026-04-18 13:01:00'),
(82, 2, 275, 1, 0.0050, '2026-04-18 13:01:00', '2026-04-18 13:01:00'),
(83, 2, 275, 2, 0.0050, '2026-04-18 13:01:00', '2026-04-18 13:01:00'),
(84, 2, 275, 3, 0.0050, '2026-04-18 13:01:00', '2026-04-18 13:01:00'),
(85, 2, 275, 4, 0.0050, '2026-04-18 13:01:00', '2026-04-18 13:01:00'),
(86, 2, 275, 5, 0.0050, '2026-04-18 13:01:00', '2026-04-18 13:01:00'),
(87, 2, 275, 6, 0.0050, '2026-04-18 13:01:00', '2026-04-18 13:01:00'),
(88, 2, 275, 7, 0.0050, '2026-04-18 13:01:00', '2026-04-18 13:01:00'),
(89, 2, 275, 8, 0.0050, '2026-04-18 13:01:00', '2026-04-18 13:01:00'),
(90, 2, 275, 9, 0.0090, '2026-04-18 13:01:00', '2026-04-18 13:01:00'),
(91, 2, 277, 1, 0.0250, '2026-04-18 13:01:00', '2026-04-18 13:01:00'),
(92, 2, 277, 2, 0.0250, '2026-04-18 13:01:00', '2026-04-18 13:01:00'),
(93, 2, 277, 3, 0.0250, '2026-04-18 13:01:00', '2026-04-18 13:01:00'),
(94, 2, 277, 4, 0.0250, '2026-04-18 13:01:00', '2026-04-18 13:01:00'),
(95, 2, 277, 5, 0.0250, '2026-04-18 13:01:00', '2026-04-18 13:01:00'),
(96, 2, 277, 6, 0.0250, '2026-04-18 13:01:00', '2026-04-18 13:01:00'),
(97, 2, 277, 7, 0.0250, '2026-04-18 13:01:00', '2026-04-18 13:01:00'),
(98, 2, 277, 8, 0.0250, '2026-04-18 13:01:00', '2026-04-18 13:01:00'),
(99, 2, 277, 9, 0.0230, '2026-04-18 13:01:00', '2026-04-18 13:01:00'),
(100, 2, 279, 1, 0.0460, '2026-04-18 13:01:00', '2026-04-18 13:01:00'),
(101, 2, 279, 2, 0.0460, '2026-04-18 13:01:00', '2026-04-18 13:01:00'),
(102, 2, 279, 3, 0.0460, '2026-04-18 13:01:00', '2026-04-18 13:01:00'),
(103, 2, 279, 4, 0.0460, '2026-04-18 13:01:00', '2026-04-18 13:01:00'),
(104, 2, 279, 5, 0.0460, '2026-04-18 13:01:00', '2026-04-18 13:01:00'),
(105, 2, 279, 6, 0.0460, '2026-04-18 13:01:00', '2026-04-18 13:01:00'),
(106, 2, 279, 7, 0.0460, '2026-04-18 13:01:00', '2026-04-18 13:01:00'),
(107, 2, 279, 8, 0.0460, '2026-04-18 13:01:00', '2026-04-18 13:01:00'),
(108, 2, 279, 9, 0.0500, '2026-04-18 13:01:00', '2026-04-18 13:01:00'),
(109, 2, 281, 1, 0.0240, '2026-04-18 13:01:00', '2026-04-18 13:01:00'),
(110, 2, 282, 1, 0.0240, '2026-04-18 13:01:00', '2026-04-18 13:01:00'),
(111, 2, 284, 1, 0.1580, '2026-04-18 13:03:39', '2026-04-18 13:03:39'),
(112, 2, 284, 2, 0.1600, '2026-04-18 13:03:39', '2026-04-18 13:03:39'),
(113, 2, 285, 3, 3.6950, '2026-04-18 13:03:39', '2026-04-18 13:03:39'),
(114, 2, 285, 4, 3.6950, '2026-04-18 13:03:39', '2026-04-18 13:03:39'),
(115, 2, 285, 5, 3.6950, '2026-04-18 13:03:39', '2026-04-18 13:03:39'),
(116, 2, 285, 6, 3.6960, '2026-04-18 13:03:39', '2026-04-18 13:03:39'),
(117, 2, 286, 3, 0.1870, '2026-04-18 13:03:39', '2026-04-18 13:03:39'),
(118, 2, 286, 4, 0.1870, '2026-04-18 13:03:39', '2026-04-18 13:03:39'),
(119, 2, 286, 5, 0.1870, '2026-04-18 13:03:39', '2026-04-18 13:03:39'),
(120, 2, 286, 6, 0.1880, '2026-04-18 13:03:39', '2026-04-18 13:03:39'),
(121, 2, 287, 2, 0.6530, '2026-04-18 13:03:39', '2026-04-18 13:03:39'),
(122, 2, 287, 3, 0.6530, '2026-04-18 13:03:39', '2026-04-18 13:03:39'),
(123, 2, 287, 4, 0.6530, '2026-04-18 13:03:39', '2026-04-18 13:03:39'),
(124, 2, 287, 5, 0.6520, '2026-04-18 13:03:39', '2026-04-18 13:03:39'),
(125, 2, 288, 1, 0.7530, '2026-04-18 13:03:39', '2026-04-18 13:03:39'),
(126, 2, 288, 2, 0.7530, '2026-04-18 13:03:39', '2026-04-18 13:03:39'),
(127, 2, 289, 5, 0.5590, '2026-04-18 13:03:39', '2026-04-18 13:03:39'),
(128, 2, 289, 6, 0.5590, '2026-04-18 13:03:39', '2026-04-18 13:03:39'),
(129, 2, 289, 7, 0.5590, '2026-04-18 13:03:39', '2026-04-18 13:03:39'),
(130, 2, 289, 8, 0.5590, '2026-04-18 13:03:39', '2026-04-18 13:03:39'),
(131, 2, 290, 5, 0.0130, '2026-04-18 13:03:39', '2026-04-18 13:03:39'),
(132, 2, 290, 6, 0.0130, '2026-04-18 13:03:39', '2026-04-18 13:03:39'),
(133, 2, 290, 7, 0.0130, '2026-04-18 13:03:39', '2026-04-18 13:03:39'),
(134, 2, 290, 8, 0.0140, '2026-04-18 13:03:39', '2026-04-18 13:03:39'),
(135, 2, 292, 1, 0.1110, '2026-04-18 13:03:39', '2026-04-18 13:03:39'),
(136, 2, 292, 2, 0.1100, '2026-04-18 13:03:39', '2026-04-18 13:03:39'),
(137, 2, 293, 3, 1.7090, '2026-04-18 13:03:39', '2026-04-18 13:03:39'),
(138, 2, 293, 4, 3.4170, '2026-04-18 13:03:39', '2026-04-18 13:03:39'),
(139, 2, 293, 5, 3.4160, '2026-04-18 13:03:39', '2026-04-18 13:03:39'),
(140, 2, 293, 6, 1.7090, '2026-04-18 13:03:39', '2026-04-18 13:03:39'),
(141, 2, 294, 3, 0.1270, '2026-04-18 13:03:39', '2026-04-18 13:03:39'),
(142, 2, 294, 4, 0.1280, '2026-04-18 13:03:39', '2026-04-18 13:03:39'),
(143, 2, 294, 5, 0.1280, '2026-04-18 13:03:39', '2026-04-18 13:03:39'),
(144, 2, 294, 6, 0.1270, '2026-04-18 13:03:39', '2026-04-18 13:03:39'),
(145, 2, 295, 2, 0.5160, '2026-04-18 13:03:39', '2026-04-18 13:03:39'),
(146, 2, 295, 3, 0.5160, '2026-04-18 13:03:39', '2026-04-18 13:03:39'),
(147, 2, 295, 4, 0.5160, '2026-04-18 13:03:39', '2026-04-18 13:03:39'),
(148, 2, 295, 5, 0.1300, '2026-04-18 13:03:39', '2026-04-18 13:03:39'),
(356, 2, 296, 1, 0.5500, '2026-04-18 14:26:20', '2026-04-18 14:26:20'),
(357, 2, 296, 2, 0.4540, '2026-04-18 14:26:20', '2026-04-18 14:26:20'),
(480, 2, 297, 5, 0.3730, '2026-04-18 15:45:55', '2026-04-18 15:45:55'),
(481, 2, 297, 6, 0.3730, '2026-04-18 15:45:55', '2026-04-18 15:45:55'),
(482, 2, 297, 7, 0.3730, '2026-04-18 15:45:55', '2026-04-18 15:45:55'),
(483, 2, 297, 8, 0.3720, '2026-04-18 15:45:55', '2026-04-18 15:45:55'),
(484, 2, 298, 5, 0.0090, '2026-04-18 15:45:55', '2026-04-18 15:45:55'),
(485, 2, 298, 6, 0.0090, '2026-04-18 15:45:55', '2026-04-18 15:45:55'),
(486, 2, 298, 7, 0.0090, '2026-04-18 15:45:55', '2026-04-18 15:45:55'),
(487, 2, 298, 8, 0.0090, '2026-04-18 15:45:55', '2026-04-18 15:45:55'),
(488, 2, 301, 8, 0.0080, '2026-04-18 15:45:55', '2026-04-18 15:45:55'),
(489, 2, 302, 8, 0.2390, '2026-04-18 15:45:55', '2026-04-18 15:45:55'),
(490, 2, 302, 9, 0.1190, '2026-04-18 15:45:55', '2026-04-18 15:45:55'),
(491, 2, 303, 8, 0.0630, '2026-04-18 15:45:55', '2026-04-18 15:45:55'),
(492, 2, 303, 9, 0.0320, '2026-04-18 15:45:55', '2026-04-18 15:45:55'),
(493, 2, 304, 8, 0.0230, '2026-04-18 15:45:55', '2026-04-18 15:45:55'),
(494, 2, 304, 9, 0.0110, '2026-04-18 15:45:55', '2026-04-18 15:45:55'),
(495, 2, 305, 8, 0.1670, '2026-04-18 15:45:55', '2026-04-18 15:45:55'),
(496, 2, 305, 9, 0.0840, '2026-04-18 15:45:55', '2026-04-18 15:45:55'),
(497, 2, 306, 8, 0.0240, '2026-04-18 15:45:55', '2026-04-18 15:45:55'),
(498, 2, 306, 9, 0.0120, '2026-04-18 15:45:55', '2026-04-18 15:45:55'),
(499, 2, 308, 1, 0.3150, '2026-04-18 15:45:55', '2026-04-18 15:45:55'),
(500, 2, 309, 1, 0.2080, '2026-04-18 15:45:55', '2026-04-18 15:45:55'),
(501, 2, 310, 2, 1.2090, '2026-04-18 15:45:55', '2026-04-18 15:45:55'),
(502, 2, 310, 3, 4.7890, '2026-04-18 15:45:55', '2026-04-18 15:45:55'),
(503, 2, 310, 4, 3.6770, '2026-04-18 15:45:55', '2026-04-18 15:45:55'),
(504, 2, 311, 2, 0.2470, '2026-04-18 15:45:55', '2026-04-18 15:45:55'),
(505, 2, 311, 3, 0.2480, '2026-04-18 15:45:55', '2026-04-18 15:45:55'),
(506, 2, 312, 5, 0.1850, '2026-04-18 15:45:55', '2026-04-18 15:45:55'),
(507, 2, 312, 6, 0.3460, '2026-04-18 15:45:55', '2026-04-18 15:45:55'),
(508, 2, 312, 7, 2.2370, '2026-04-18 15:45:55', '2026-04-18 15:45:55'),
(509, 2, 313, 2, 0.5020, '2026-04-18 15:45:55', '2026-04-18 15:45:55'),
(510, 2, 313, 3, 0.5020, '2026-04-18 15:45:55', '2026-04-18 15:45:55'),
(511, 2, 314, 8, 0.7460, '2026-04-18 15:45:55', '2026-04-18 15:45:55'),
(512, 2, 314, 9, 0.7450, '2026-04-18 15:45:55', '2026-04-18 15:45:55'),
(513, 2, 315, 8, 0.0180, '2026-04-18 15:45:55', '2026-04-18 15:45:55'),
(514, 2, 315, 9, 0.0180, '2026-04-18 15:45:55', '2026-04-18 15:45:55'),
(515, 2, 318, 2, 0.6350, '2026-04-18 15:45:55', '2026-04-18 15:45:55'),
(516, 2, 319, 3, 0.9540, '2026-04-18 15:45:55', '2026-04-18 15:45:55'),
(517, 2, 319, 4, 5.1820, '2026-04-18 15:45:55', '2026-04-18 15:45:55'),
(518, 2, 319, 5, 4.2940, '2026-04-18 15:45:55', '2026-04-18 15:45:55'),
(519, 2, 319, 6, 3.3730, '2026-04-18 15:45:55', '2026-04-18 15:45:55'),
(520, 2, 319, 7, 3.3730, '2026-04-18 15:45:55', '2026-04-18 15:45:55'),
(521, 2, 320, 3, 0.7430, '2026-04-18 15:45:55', '2026-04-18 15:45:55'),
(522, 2, 320, 4, 9.2340, '2026-04-18 15:45:55', '2026-04-18 15:45:55'),
(523, 2, 320, 5, 3.3470, '2026-04-18 15:45:55', '2026-04-18 15:45:55'),
(524, 2, 320, 6, 0.0330, '2026-04-18 15:45:55', '2026-04-18 15:45:55'),
(525, 2, 320, 7, 0.0330, '2026-04-18 15:45:55', '2026-04-18 15:45:55'),
(526, 2, 321, 3, 0.1550, '2026-04-18 15:45:55', '2026-04-18 15:45:55'),
(527, 2, 321, 4, 0.3100, '2026-04-18 15:45:55', '2026-04-18 15:45:55'),
(528, 2, 321, 5, 0.2330, '2026-04-18 15:45:55', '2026-04-18 15:45:55'),
(529, 2, 321, 6, 0.1160, '2026-04-18 15:45:55', '2026-04-18 15:45:55'),
(530, 2, 321, 7, 0.1160, '2026-04-18 15:45:55', '2026-04-18 15:45:55'),
(531, 2, 322, 3, 0.3980, '2026-04-18 15:45:55', '2026-04-18 15:45:55'),
(532, 2, 322, 4, 0.3980, '2026-04-18 15:45:55', '2026-04-18 15:45:55'),
(533, 2, 322, 5, 0.4010, '2026-04-18 15:45:55', '2026-04-18 15:45:55'),
(534, 2, 322, 6, 0.1990, '2026-04-18 15:45:55', '2026-04-18 15:45:55'),
(535, 2, 322, 7, 0.2040, '2026-04-18 15:45:55', '2026-04-18 15:45:55'),
(536, 2, 323, 2, 1.2230, '2026-04-18 15:45:55', '2026-04-18 15:45:55'),
(537, 2, 323, 3, 1.6340, '2026-04-18 15:45:55', '2026-04-18 15:45:55'),
(538, 2, 323, 4, 2.0370, '2026-04-18 15:45:55', '2026-04-18 15:45:55'),
(539, 2, 324, 7, 0.6810, '2026-04-18 15:45:55', '2026-04-18 15:45:55'),
(540, 2, 324, 8, 0.3420, '2026-04-18 15:45:55', '2026-04-18 15:45:55'),
(541, 2, 325, 7, 2.9820, '2026-04-18 15:45:55', '2026-04-18 15:45:55'),
(542, 2, 325, 8, 1.4910, '2026-04-18 15:45:55', '2026-04-18 15:45:55'),
(543, 2, 326, 7, 0.0470, '2026-04-18 15:45:55', '2026-04-18 15:45:55'),
(544, 2, 326, 8, 0.0240, '2026-04-18 15:45:55', '2026-04-18 15:45:55'),
(545, 2, 327, 7, 0.0140, '2026-04-18 15:45:55', '2026-04-18 15:45:55'),
(546, 2, 327, 8, 0.0060, '2026-04-18 15:45:55', '2026-04-18 15:45:55');

-- --------------------------------------------------------

--
-- Table structure for table `trusted_devices`
--

CREATE TABLE `trusted_devices` (
  `id` int NOT NULL,
  `user_id` int DEFAULT NULL,
  `device_id` text,
  `last_used` datetime DEFAULT NULL,
  `createdAt` datetime NOT NULL,
  `updatedAt` datetime NOT NULL
) ENGINE=InnoDB DEFAULT CHARSET=utf8mb4 COLLATE=utf8mb4_0900_ai_ci;

--
-- Dumping data for table `trusted_devices`
--

INSERT INTO `trusted_devices` (`id`, `user_id`, `device_id`, `last_used`, `createdAt`, `updatedAt`) VALUES
(2, 1, 'Mozilla/5.0 (Macintosh; Intel Mac OS X 10_15_7) AppleWebKit/537.36 (KHTML, like Gecko) Chrome/147.0.0.0 Safari/537.36', '2026-04-24 03:35:12', '2026-04-22 16:41:03', '2026-04-24 03:35:12');

-- --------------------------------------------------------

--
-- Table structure for table `users`
--

CREATE TABLE `users` (
  `id` int NOT NULL,
  `name` varchar(100) NOT NULL,
  `email` varchar(120) NOT NULL,
  `password` varchar(200) NOT NULL,
  `role` enum('admin','staf') NOT NULL DEFAULT 'staf',
  `status` enum('pending','verified','rejected') NOT NULL DEFAULT 'pending',
  `createdAt` datetime NOT NULL,
  `updatedAt` datetime NOT NULL
) ENGINE=InnoDB DEFAULT CHARSET=utf8mb4 COLLATE=utf8mb4_0900_ai_ci;

--
-- Dumping data for table `users`
--

INSERT INTO `users` (`id`, `name`, `email`, `password`, `role`, `status`, `createdAt`, `updatedAt`) VALUES
(1, 'nyoman pastika', 'pastikaerror2625@gmail.com', '$2b$10$uW.awn2aWfAEvPl1L00eMOEEFiXb9wUBYzCdK3ae3iBqdoK5a0Iki', 'staf', 'verified', '2026-04-14 08:12:25', '2026-04-14 08:12:25');

--
-- Indexes for dumped tables
--

--
-- Indexes for table `analisa_master`
--
ALTER TABLE `analisa_master`
  ADD PRIMARY KEY (`id`);

--
-- Indexes for table `analisa_master_detail`
--
ALTER TABLE `analisa_master_detail`
  ADD PRIMARY KEY (`id`),
  ADD KEY `analisa_id` (`analisa_id`),
  ADD KEY `item_id` (`item_id`);

--
-- Indexes for table `boq_items`
--
ALTER TABLE `boq_items`
  ADD PRIMARY KEY (`id`),
  ADD KEY `project_id` (`project_id`),
  ADD KEY `analisa_id` (`analisa_id`),
  ADD KEY `parent_id` (`parent_id`);

--
-- Indexes for table `daily_plans`
--
ALTER TABLE `daily_plans`
  ADD PRIMARY KEY (`id`),
  ADD KEY `project_id` (`project_id`),
  ADD KEY `boq_id` (`boq_id`);

--
-- Indexes for table `daily_progress`
--
ALTER TABLE `daily_progress`
  ADD PRIMARY KEY (`id`),
  ADD KEY `project_id` (`project_id`),
  ADD KEY `boq_id` (`boq_id`);

--
-- Indexes for table `daily_progress_items`
--
ALTER TABLE `daily_progress_items`
  ADD PRIMARY KEY (`id`),
  ADD KEY `daily_progress_id` (`daily_progress_id`),
  ADD KEY `item_id` (`item_id`);

--
-- Indexes for table `item_categories`
--
ALTER TABLE `item_categories`
  ADD PRIMARY KEY (`id`);

--
-- Indexes for table `login_logs`
--
ALTER TABLE `login_logs`
  ADD PRIMARY KEY (`id`);

--
-- Indexes for table `master_items`
--
ALTER TABLE `master_items`
  ADD PRIMARY KEY (`id`);

--
-- Indexes for table `materials`
--
ALTER TABLE `materials`
  ADD PRIMARY KEY (`id`);

--
-- Indexes for table `otps`
--
ALTER TABLE `otps`
  ADD PRIMARY KEY (`id`);

--
-- Indexes for table `pekerja`
--
ALTER TABLE `pekerja`
  ADD PRIMARY KEY (`id`);

--
-- Indexes for table `peralatan`
--
ALTER TABLE `peralatan`
  ADD PRIMARY KEY (`id`);

--
-- Indexes for table `projects`
--
ALTER TABLE `projects`
  ADD PRIMARY KEY (`id`);

--
-- Indexes for table `project_analisa`
--
ALTER TABLE `project_analisa`
  ADD PRIMARY KEY (`id`),
  ADD KEY `project_id` (`project_id`);

--
-- Indexes for table `project_analisa_detail`
--
ALTER TABLE `project_analisa_detail`
  ADD PRIMARY KEY (`id`),
  ADD KEY `project_analisa_id` (`project_analisa_id`),
  ADD KEY `item_id` (`item_id`);

--
-- Indexes for table `project_items`
--
ALTER TABLE `project_items`
  ADD PRIMARY KEY (`id`),
  ADD KEY `project_id` (`project_id`);

--
-- Indexes for table `project_periods`
--
ALTER TABLE `project_periods`
  ADD PRIMARY KEY (`id`),
  ADD KEY `project_id` (`project_id`);

--
-- Indexes for table `project_weeks`
--
ALTER TABLE `project_weeks`
  ADD PRIMARY KEY (`id`),
  ADD KEY `project_id` (`project_id`);

--
-- Indexes for table `refresh_tokens`
--
ALTER TABLE `refresh_tokens`
  ADD PRIMARY KEY (`id`);

--
-- Indexes for table `schedule_items`
--
ALTER TABLE `schedule_items`
  ADD PRIMARY KEY (`id`),
  ADD KEY `project_id` (`project_id`),
  ADD KEY `boq_id` (`boq_id`);

--
-- Indexes for table `trusted_devices`
--
ALTER TABLE `trusted_devices`
  ADD PRIMARY KEY (`id`);

--
-- Indexes for table `users`
--
ALTER TABLE `users`
  ADD PRIMARY KEY (`id`);

--
-- AUTO_INCREMENT for dumped tables
--

--
-- AUTO_INCREMENT for table `analisa_master`
--
ALTER TABLE `analisa_master`
  MODIFY `id` int NOT NULL AUTO_INCREMENT, AUTO_INCREMENT=2;

--
-- AUTO_INCREMENT for table `analisa_master_detail`
--
ALTER TABLE `analisa_master_detail`
  MODIFY `id` int NOT NULL AUTO_INCREMENT, AUTO_INCREMENT=6;

--
-- AUTO_INCREMENT for table `boq_items`
--
ALTER TABLE `boq_items`
  MODIFY `id` int NOT NULL AUTO_INCREMENT, AUTO_INCREMENT=328;

--
-- AUTO_INCREMENT for table `daily_plans`
--
ALTER TABLE `daily_plans`
  MODIFY `id` int NOT NULL AUTO_INCREMENT, AUTO_INCREMENT=361;

--
-- AUTO_INCREMENT for table `daily_progress`
--
ALTER TABLE `daily_progress`
  MODIFY `id` int NOT NULL AUTO_INCREMENT, AUTO_INCREMENT=128;

--
-- AUTO_INCREMENT for table `daily_progress_items`
--
ALTER TABLE `daily_progress_items`
  MODIFY `id` int NOT NULL AUTO_INCREMENT, AUTO_INCREMENT=768;

--
-- AUTO_INCREMENT for table `item_categories`
--
ALTER TABLE `item_categories`
  MODIFY `id` int NOT NULL AUTO_INCREMENT;

--
-- AUTO_INCREMENT for table `login_logs`
--
ALTER TABLE `login_logs`
  MODIFY `id` int NOT NULL AUTO_INCREMENT, AUTO_INCREMENT=3;

--
-- AUTO_INCREMENT for table `master_items`
--
ALTER TABLE `master_items`
  MODIFY `id` int NOT NULL AUTO_INCREMENT, AUTO_INCREMENT=201;

--
-- AUTO_INCREMENT for table `materials`
--
ALTER TABLE `materials`
  MODIFY `id` int NOT NULL AUTO_INCREMENT;

--
-- AUTO_INCREMENT for table `otps`
--
ALTER TABLE `otps`
  MODIFY `id` int NOT NULL AUTO_INCREMENT, AUTO_INCREMENT=3;

--
-- AUTO_INCREMENT for table `pekerja`
--
ALTER TABLE `pekerja`
  MODIFY `id` int NOT NULL AUTO_INCREMENT;

--
-- AUTO_INCREMENT for table `peralatan`
--
ALTER TABLE `peralatan`
  MODIFY `id` int NOT NULL AUTO_INCREMENT;

--
-- AUTO_INCREMENT for table `projects`
--
ALTER TABLE `projects`
  MODIFY `id` int NOT NULL AUTO_INCREMENT, AUTO_INCREMENT=3;

--
-- AUTO_INCREMENT for table `project_analisa`
--
ALTER TABLE `project_analisa`
  MODIFY `id` int NOT NULL AUTO_INCREMENT, AUTO_INCREMENT=82;

--
-- AUTO_INCREMENT for table `project_analisa_detail`
--
ALTER TABLE `project_analisa_detail`
  MODIFY `id` int NOT NULL AUTO_INCREMENT, AUTO_INCREMENT=362;

--
-- AUTO_INCREMENT for table `project_items`
--
ALTER TABLE `project_items`
  MODIFY `id` int NOT NULL AUTO_INCREMENT, AUTO_INCREMENT=245;

--
-- AUTO_INCREMENT for table `project_periods`
--
ALTER TABLE `project_periods`
  MODIFY `id` int NOT NULL AUTO_INCREMENT, AUTO_INCREMENT=6;

--
-- AUTO_INCREMENT for table `project_weeks`
--
ALTER TABLE `project_weeks`
  MODIFY `id` int NOT NULL AUTO_INCREMENT, AUTO_INCREMENT=19;

--
-- AUTO_INCREMENT for table `refresh_tokens`
--
ALTER TABLE `refresh_tokens`
  MODIFY `id` int NOT NULL AUTO_INCREMENT, AUTO_INCREMENT=9;

--
-- AUTO_INCREMENT for table `schedule_items`
--
ALTER TABLE `schedule_items`
  MODIFY `id` int NOT NULL AUTO_INCREMENT, AUTO_INCREMENT=671;

--
-- AUTO_INCREMENT for table `trusted_devices`
--
ALTER TABLE `trusted_devices`
  MODIFY `id` int NOT NULL AUTO_INCREMENT, AUTO_INCREMENT=3;

--
-- AUTO_INCREMENT for table `users`
--
ALTER TABLE `users`
  MODIFY `id` int NOT NULL AUTO_INCREMENT, AUTO_INCREMENT=2;

--
-- Constraints for dumped tables
--

--
-- Constraints for table `analisa_master_detail`
--
ALTER TABLE `analisa_master_detail`
  ADD CONSTRAINT `analisa_master_detail_ibfk_1569` FOREIGN KEY (`analisa_id`) REFERENCES `analisa_master` (`id`) ON DELETE CASCADE ON UPDATE CASCADE,
  ADD CONSTRAINT `analisa_master_detail_ibfk_1570` FOREIGN KEY (`item_id`) REFERENCES `master_items` (`id`) ON UPDATE CASCADE;

--
-- Constraints for table `boq_items`
--
ALTER TABLE `boq_items`
  ADD CONSTRAINT `boq_items_ibfk_2362` FOREIGN KEY (`project_id`) REFERENCES `projects` (`id`) ON DELETE CASCADE ON UPDATE CASCADE,
  ADD CONSTRAINT `boq_items_ibfk_2363` FOREIGN KEY (`analisa_id`) REFERENCES `project_analisa` (`id`) ON DELETE SET NULL ON UPDATE CASCADE,
  ADD CONSTRAINT `boq_items_ibfk_2364` FOREIGN KEY (`parent_id`) REFERENCES `boq_items` (`id`);

--
-- Constraints for table `daily_plans`
--
ALTER TABLE `daily_plans`
  ADD CONSTRAINT `daily_plans_ibfk_1575` FOREIGN KEY (`project_id`) REFERENCES `projects` (`id`) ON DELETE CASCADE ON UPDATE CASCADE,
  ADD CONSTRAINT `daily_plans_ibfk_1576` FOREIGN KEY (`boq_id`) REFERENCES `boq_items` (`id`) ON DELETE SET NULL ON UPDATE CASCADE;

--
-- Constraints for table `daily_progress`
--
ALTER TABLE `daily_progress`
  ADD CONSTRAINT `daily_progress_ibfk_1575` FOREIGN KEY (`project_id`) REFERENCES `projects` (`id`) ON UPDATE CASCADE,
  ADD CONSTRAINT `daily_progress_ibfk_1576` FOREIGN KEY (`boq_id`) REFERENCES `boq_items` (`id`) ON UPDATE CASCADE;

--
-- Constraints for table `daily_progress_items`
--
ALTER TABLE `daily_progress_items`
  ADD CONSTRAINT `daily_progress_items_ibfk_1567` FOREIGN KEY (`daily_progress_id`) REFERENCES `daily_progress` (`id`) ON DELETE CASCADE ON UPDATE CASCADE,
  ADD CONSTRAINT `daily_progress_items_ibfk_1568` FOREIGN KEY (`item_id`) REFERENCES `project_items` (`id`) ON UPDATE CASCADE;

--
-- Constraints for table `project_analisa`
--
ALTER TABLE `project_analisa`
  ADD CONSTRAINT `project_analisa_ibfk_1` FOREIGN KEY (`project_id`) REFERENCES `projects` (`id`) ON DELETE CASCADE ON UPDATE CASCADE;

--
-- Constraints for table `project_analisa_detail`
--
ALTER TABLE `project_analisa_detail`
  ADD CONSTRAINT `project_analisa_detail_ibfk_1575` FOREIGN KEY (`project_analisa_id`) REFERENCES `project_analisa` (`id`) ON UPDATE CASCADE,
  ADD CONSTRAINT `project_analisa_detail_ibfk_1576` FOREIGN KEY (`item_id`) REFERENCES `project_items` (`id`) ON UPDATE CASCADE;

--
-- Constraints for table `project_items`
--
ALTER TABLE `project_items`
  ADD CONSTRAINT `project_items_ibfk_1` FOREIGN KEY (`project_id`) REFERENCES `projects` (`id`) ON DELETE CASCADE ON UPDATE CASCADE;

--
-- Constraints for table `project_periods`
--
ALTER TABLE `project_periods`
  ADD CONSTRAINT `project_periods_ibfk_1` FOREIGN KEY (`project_id`) REFERENCES `projects` (`id`) ON DELETE CASCADE ON UPDATE CASCADE;

--
-- Constraints for table `project_weeks`
--
ALTER TABLE `project_weeks`
  ADD CONSTRAINT `project_weeks_ibfk_1` FOREIGN KEY (`project_id`) REFERENCES `projects` (`id`) ON DELETE CASCADE ON UPDATE CASCADE;

--
-- Constraints for table `schedule_items`
--
ALTER TABLE `schedule_items`
  ADD CONSTRAINT `schedule_items_ibfk_1561` FOREIGN KEY (`project_id`) REFERENCES `projects` (`id`),
  ADD CONSTRAINT `schedule_items_ibfk_1562` FOREIGN KEY (`boq_id`) REFERENCES `boq_items` (`id`) ON DELETE CASCADE ON UPDATE CASCADE;
COMMIT;

/*!40101 SET CHARACTER_SET_CLIENT=@OLD_CHARACTER_SET_CLIENT */;
/*!40101 SET CHARACTER_SET_RESULTS=@OLD_CHARACTER_SET_RESULTS */;
/*!40101 SET COLLATION_CONNECTION=@OLD_COLLATION_CONNECTION */;
